FishID,Species,Date,Season,TL,FL,Mass,Sex,GS,GW,Fat
MR013,P. blochii,41105,3,213,192,183.9,F,4,9.9,0
MR014,P. blochii,41105,3,212,196,186.8,F,4,9.1,2
MR015,P. blochii,41105,3,205,194,173,F,4,9.4,1
MR016,P. blochii,41105,3,247,227,320,F,3,21,0
MR017,P. blochii,41105,3,256,240,387,F,4,35,1
MR022,P. blochii,41456,3,211,198,203.6,F,3,12,2
MR023,P. blochii,41061,2,250,221,327.4,F,4,28.5,0
MR024,P. blochii,41061,2,209,190,183.4,F,4,9.8,0
MR025,P. blochii,41108,3,257,232,293,F,5,10.3,0
MR026,P. blochii,41108,3,215,198,187,F,4,4.2,0
MR027,P. blochii,41084,2,291,262,556.4,F,4,30.3,2
MR028,P. blochii,41084,2,246,223,309.1,F,5,24.6,0
MR029,P. blochii,41084,2,232,210,257,F,6,23.1,1
MR030,P. blochii,41119,3,220,195,217,F,6,14.5,0
MR031,P. blochii,41119,3,221,198,219,F,5,15.4,0
MR032,P. blochii,41119,3,215,195,218,F,6,18.1,0
MR033,P. blochii,41119,3,240,220,286,M,6,21.2,0
MR034,P. blochii,41108,3,249,226,284,M,2,0.6,0
MR035,P. blochii,41108,3,258,237,348,F,4,19.3,0
MR036,P. blochii,41108,3,273,249,408,F,3,15,1
MR037,P. blochii,42448,1,244,220,320,F,5,17.2,1
MR038,P. blochii,41105,3,205,185,182,F,2,5.4,1
MR039,P. blochii,41017,2,215,200,198,F,4,11.3,0
MR040,P. blochii,41017,2,210,190,202,F,5,19.4,0
MR045,P. blochii,41119,3,226,204,223,M,3,1.1,0
MR046,P. blochii,41119,3,233,211,226,H,2,2,0
MR049,P. blochii,41105,3,210,189,186,F,4,9.7,0
MR052,P. blochii,41133,3,195,176,123.6,F,2,1.4,0
MR055,P. blochii,41456,3,248,227,306,F,5,19.5,0
MR056,P. blochii,41167,3,245,223,245,M,1,0.4,0
MR057,P. blochii,41147,3,245,223,273,F,5,12.5,0
MR058,P. blochii,41167,3,232,210,230,F,4,8.2,0
MR059,P. blochii,41456,3,205,186,175.7,F,5,6.5,0
MR060,P. blochii,41456,3,211,195,208.9,F,6,13.3,0
MR061,P. blochii,41118,3,238,215,245.2,F,4,8.8,1
MR063,P. blochii,41133,3,219,197,200,M,4,6.3,0
MR064,P. blochii,41164,3,231,207,245,F,5,13.4,0
MR065,P. blochii,41134,3,220,201,211,F,1,3.2,0
MR067,P. blochii,41532,3,207,180,178,F,4,7.7,1
MR068,P. blochii,41532,3,224,201,216.2,F,5,10.1,0
MR069,P. blochii,41147,3,226,206,221,F,5,11.2,0
MR070,P. blochii,41532,3,218,198,217,F,6,12.9,0
MR071,P. blochii,41147,3,220,195,187,F,2,5.5,0
MR072,P. blochii,41479,3,232,208,209.6,F,5,11.3,0
MR157,P. blochii,41479,3,234,218,227.1,F,4,9.3,1
MR158,P. blochii,41479,3,241,224,287.2,M,4,20.7,2
MR160,P. blochii,41479,3,171,156,103.2,M,1,0.1,1
MR162,P. blochii,41119,3,229,209,257.9,F,5,10,0
MR163,P. blochii,41479,3,273,246,429.5,F,5,37.7,0
MR164,P. blochii,41471,3,237,211,247.1,F,3,5.5,1
MR165,P. blochii,41471,3,225,200,227,M,4,4.9,1
MR166,P. blochii,41471,3,210,189,200.6,M,3,2.2,1
MR167,P. blochii,41471,3,264,238,363.8,M,6,38.7,1
MR168,P. blochii,41471,3,260,245,407.8,F,5,34,1
MR169,P. blochii,41471,3,240,225,267,F,5,12,0
MR170,P. blochii,41471,3,236,211,250.4,F,5,13.3,1
MR171,P. blochii,41471,3,202,186,190.1,M,4,7.6,1
MR172,P. blochii,41456,3,209,195,188.4,F,4,2.6,2
MR173,P. blochii,41456,3,232,210,225.4,F,4,8.3,2
MR174,P. blochii,41456,3,189,166,150.2,F,3,3.2,1
MR175,P. blochii,41423,2,248,238,401.5,F,5,23.4,1
MR176,P. blochii,41423,2,225,205,255,F,4,10.9,1
MR177,P. blochii,41423,2,285,250,502.4,F,5,31.1,2
MR178,P. blochii,41413,2,216,195,190.9,M,5,13.8,0
MR179,P. blochii,41423,2,220,200,234,F,5,12.6,1
MR180,P. blochii,41423,2,231,215,248.9,M,5,23.4,1
MR181,P. blochii,41530,3,252,235,339,M,4,12.2,1
MR182,P. blochii,41530,3,225,215,239,F,4,18.2,1
MR183,P. blochii,41512,3,219,200,196,F,5,7.5,0
MR184,P. blochii,41512,3,282,258,394,F,6,18.4,1
MR185,P. blochii,41512,3,235,210,287,F,6,11.1,0
MR186,P. blochii,41512,3,245,223,270.9,F,5,17.5,0
MR187,P. blochii,41530,3,256,235,319,M,4,9.3,0
MR188,P. blochii,41530,3,251,232,312,F,4,12.1,0
MR189,P. blochii,41512,3,256,229,333.8,F,5,11.8,0
MR190,P. blochii,41512,3,271,246,410.4,M,4,16.3,0
MR191,P. blochii,41512,3,253,232,311,F,4,18.1,0
MR192,P. blochii,41512,3,265,240,367,F,3,5,0
MR193,P. blochii,41512,3,262,234,334,F,6,24.9,0
MR194,P. blochii,41512,3,251,225,284,M,3,14.6,0
MR195,P. blochii,41512,3,220,201,211,F,5,8.1,0
MR196,P. blochii,41512,3,290,266,489,M,4,31.9,2
MR197,P. blochii,41512,3,253,230,284.1,M,3,17.2,0
MR198,P. blochii,41512,3,239,214,246.7,F,3,9.3,0
MR199,P. blochii,41512,3,265,240,352,M,4,19.6,1
MR200,P. blochii,41512,3,250,228,313,F,3,8.9,1
MR201,P. blochii,41530,3,237,203,279.5,F,5,16,0
MR202,P. blochii,41530,3,272,229,393.4,F,5,25.4,0
MR203,P. blochii,42260,3,225,207,227.8,M,4,11.8,0
MR204,P. blochii,42260,3,269,245,360.9,M,3,3.3,1
MR205,P. blochii,41512,3,246,229,284.9,M,3,14.8,0
MR206,P. blochii,41512,3,275,243,415.8,F,6,23.1,1
MR207,P. blochii,41512,3,260,239,346.6,M,5,17.4,0
MR208,P. blochii,41512,3,275,252,407.2,M,3,30.1,0
MR209,P. blochii,41512,3,242,220,236,F,5,15.9,0
MR210,P. blochii,41530,3,254,234,301.1,M,2,2.6,0
MR212,P. blochii,41530,3,251,210,310.4,M,5,16.9,0
MR213,P. blochii,41530,3,288,262,444.5,M,5,29.7,0
MR214,P. blochii,41530,3,244,220,288.8,F,5,18.2,0
MR215,P. blochii,41530,3,223,221,239.9,M,4,8.1,0
MR216,P. blochii,41530,3,224,209,243.7,F,5,17.1,0
MR217,P. blochii,41512,3,213,192,173,F,4,6.2,1
MR219,P. blochii,41549,4,268,242,366.2,F,6,10.8,0
MR220,P. blochii,41547,3,304,278,515.5,F,6,19.3,0
MR222,P. blochii,41547,3,260,240,350.7,F,3,5.5,0
MR223,P. blochii,41479,3,251,230,304.2,M,4,9.6,0
MR224,P. blochii,41547,3,239,227,334.4,M,4,12.2,0
MR225,P. blochii,41549,4,400,365,1234.5,F,5,54.3,1
MR226,P. blochii,41547,3,239,219,268,F,3,3.1,0
MR227,P. blochii,41547,3,242,219,279.9,F,4,7,1
MR229,P. blochii,41547,3,248,230,314.7,M,4,15.1,0
MR230,P. blochii,41549,4,248,227,292.1,F,6,10,0
MR233,P. blochii,41479,3,273,250,430,F,5,28.2,2
MR234,P. blochii,41479,3,240,215,259.8,F,5,13.8,1
MR236,P. blochii,41477,3,217,194,194,M,1,0.1,0
MR237,P. blochii,41549,4,240,211,287.6,F,4,18.2,1
MR239,P. blochii,41479,3,229,204,238.6,M,4,5.5,2
MR239,P. blochii,41479,3,231,209,245,M,4,13,0
MR243,P. blochii,41477,3,196,175,120,F,2,2.3,0
MR244,P. blochii,41549,4,241,217,292.3,F,4,15.4,
MR247,P. blochii,41423,2,229,216,264.6,F,4,13.2,0
MR248,P. blochii,41837,3,258,219,351,F,5,24,1
MR248,P. blochii,41393,2,258,235,350.5,M,5,25,1
MR249,P. blochii,41758,2,236,211,261.6,F,2,6.3,1
MR249,P. blochii,42201,3,270,250,384.5,M,5,3.15,2
MR250,P. blochii,41837,3,215,190,193.5,F,2,2.38,1
MR250,P. blochii,41758,2,326,302,769.5,F,4,42,1
MR251,P. blochii,41758,2,242,228,336,F,4,17,2
MR252,P. blochii,42211,3,185,175,127,M,1,0.55,2
MR252,P. blochii,41758,2,259,235,371,F,4,16.5,2
MR253,P. blochii,41846,3,161,154,100.08,F,2,0.16,2
MR253,P. blochii,41758,2,240,225,294.1,F,6,16.5,1
MR254,P. blochii,42211,3,186,173,129.2,M,2,0.14,1
MR254,P. blochii,41758,2,260,235,360.4,F,5,31,1
MR255,P. blochii,42211,3,188,164,146,M,2,0.23,2
MR255,P. blochii,41782,2,260,245,317.5,M,5,25.9,2
MR256,P. blochii,41662,1,240,220,311,F,3,3.64,2
MR256,P. blochii,41782,2,295,268,530,M,5,49.5,0
MR257,P. blochii,41846,3,126,116,39.5,J,1,0,1
MR257,P. blochii,41782,2,238,222,310.5,M,4,23,1
MR258,P. blochii,41846,3,179,164,116,H,"M3, F2","0,29; 0,14",2
MR258,P. blochii,41782,2,245,221,300,F,5,15.5,2
MR259,P. blochii,41775,2,218,205,213.7,F,6,13.07,1
MR259,P. blochii,41782,2,246,238,333.5,M,4,27.5,2
MR260,P. blochii,41775,2,230,200,272.63,F,4,12.8,0
MR260,P. blochii,41782,2,251,232,329.5,M,4,28,1
MR261,P. blochii,41782,2,225,195,294.1,F,4,14.7,1
MR261,P. blochii,41775,2,250,205,304.43,M,5,17.87,1
MR262,P. blochii,41775,2,260,235,346.5,F,5,23.5,1
MR262,P. blochii,41758,2,277,252,477.5,F,4,4.5,2
MR263,P. blochii,41758,2,234,219,281,M,2,1.5,2
MR263,P. blochii,41662,1,260,245,398.86,F,4,4.9,2
MR264,P. blochii,41652,1,208,187,269,M,2,0.5,3
MR264,P. blochii,41662,1,240,210,324.3,F,3,3.2,2
MR265,P. blochii,41846,3,190,160,126.5,M,2,0.08,2
MR265,P. blochii,41652,1,225,210,261,M,2,0.4,1
MR266,P. blochii,41652,1,199,185,169.5,F,2,0.5,2
MR266,P. blochii,41662,1,320,285,646,M,4,1.32,2
MR267,P. blochii,41662,1,180,172,158,M,1,0.34,2
MR267,P. blochii,41647,1,248,230,310.8,F,2,3.3,1
MR268,P. blochii,41647,1,245,230,317.5,F,3,4.7,1
MR268,P. blochii,41662,1,257,235,354.5,F,2,2.5,2
MR269,P. blochii,42211,3,165,146,83,M,1,0.2,1
MR269,P. blochii,41727,1,260,241,451.5,F,4,22.2,2
MR270,P. blochii,42211,3,181,174,139.5,F,1,0.5,2
MR270,P. blochii,41727,1,235,230,384.5,F,4,16,1
MR271,P. blochii,42211,3,190,173,142,F,2,0.2,2
MR271,P. blochii,41727,1,216,209,228,M,4,18,1
MR271,P. blochii,41662,1,231,211,267.5,F,3,3,2
MR272,P. blochii,42211,3,177,168,127,M,1,0.33,2
MR272,P. blochii,41662,1,231,211,267.5,F,3,3,2
MR273,P. blochii,42211,3,183,164,128.58,F,2,0.29,2
MR273,P. blochii,41662,1,234,223,327,F,2,4.5,1
MR274,P. blochii,42211,3,196,176,153.56,M,1,0.14,2
MR275,P. blochii,42211,3,188,167,119.5,F,2,0.27,2
MR275,P. blochii,41727,1,275,250,372,M,5,23,2
MR276,P. blochii,41662,1,196,174,150,F,1,0.5,1
MR276,P. blochii,41727,1,257,214,311,M,5,17,2
MR276,P. blochii,41846,3,260,230,367,F,3,20.91,1
MR277,P. blochii,42211,3,185,165,135.5,M,2,0.25,3
MR278,P. blochii,42212,3,180,162,122,M,2,2.8,2
MR278,P. blochii,41727,1,255,233,362.5,F,4,16.5,1
MR279,P. blochii,42211,3,232,218,305.8,M,5,15,1
MR279,P. blochii,41758,2,241,223,406.4,F,4,12.8,1
MR280,P. blochii,42211,3,187,,134.5,M,7,0.19,3
MR281,P. blochii,41758,2,232,191,355,M,4,23.6,2
MR281,P. blochii,42211,3,297,270,572,F,5,40.68,0
MR282,P. blochii,41393,2,235,214,302,F,4,14.5,2
MR282,P. blochii,42211,3,255,233,326,M,4,23.06,0
MR283,P. blochii,41662,1,250,225,318,F,3,3,1
MR283,P. blochii,42211,3,275,240,398.76,F,5,23.92,1
MR284,P. blochii,42211,3,180,160,124.05,F,2,0.14,2
MR284,P. blochii,41806,2,248,220,324.5,M,4,23,1
MR285,P. blochii,42211,3,179,158,119.36,F,2,0.97,1
MR285,P. blochii,41806,2,272,254,379,M,4,28.5,0
MR286,P. blochii,42211,3,177,162,111.5,M,2,1.9,2
MR286,P. blochii,41806,2,254,234,328.5,F,4,17,0
MR287,P. blochii,42201,3,184,175,123,M,1,0.06,2
MR287,P. blochii,41806,2,246,226,332.9,M,4,24.8,1
MR288,P. blochii,42211,3,172,147,95.2,M,1,0.11,3
MR288,P. blochii,41662,1,264,241,398,F,4,6.5,2
MR289,P. blochii,42211,3,172,158,119.6,M,2,0.19,3
MR289,P. blochii,41662,1,251,230,349,M,1,0.1,1
MR290,P. blochii,41846,3,175,162,115,F,1,0.24,2
MR291,P. blochii,42211,3,190,170,109.5,F,2,0.28,1
MR291,P. blochii,41727,1,190,170,139,F,2,0.5,2
MR292,P. blochii,42211,3,174,161,120,M,2,0.15,1
MR292,P. blochii,41727,1,211,199,217.5,F,2,8.5,1
MR293,P. blochii,42211,3,162,148,84.5,M,1,0.15,2
MR293,P. blochii,41806,2,265,245,342,M,4,20.9,1
MR294,P. blochii,41806,2,260,225,268,F,4,11,0
MR295,P. blochii,41775,2,250,205,370.5,M,4,22.5,1
MR296,P. blochii,41846,3,180,170,123,F,2,0.23,3
MR296,P. blochii,41758,2,212,195,195.2,M,7,4,1
MR297,P. blochii,42211,3,170,,129.9,F,1,0.1,2
MR305,P. blochii,42447,1,197,180,167,F,1,0,0
MR306,P. blochii,42447,1,217,174,208,F,2,1,2
MR308,P. blochii,42447,1,204,187,162,F,2,0.01,2
MR309,P. blochii,42447,1,225,206,208,F,1,0.7,2
MR310,P. blochii,42447,1,149,128,63,J,1,0.4,1
MR311,P. blochii,42447,1,273,249,415,M,4,29.5,2
MR313,P. blochii,42487,2,196,184,150,F,2,1,1
MR315,P. blochii,42520,2,205,190,185,F,2,1,1
MR316,P. blochii,42520,2,225,208,233,M,5,10,0
MR317,P. blochii,42520,2,215,197,189,M,4,4.5,1
MR317,P. blochii,42447,1,261,240,380,M,4,15,2
MR318,P. blochii,42520,2,193,169,146,M,2,0,0
MR320,P. blochii,42543,2,298,261,492,M,4,38.5,1
MR321,P. blochii,42543,2,228,222,243,M,3,0.5,1
MR322,P. blochii,42543,2,303,283,557,F,6,28,1
MR323,P. blochii,42113,2,280,246,437,M,5,21.5,1
MR324,P. blochii,42543,2,210,169,177,F,2,1.5,2
MR325,P. blochii,42113,2,227,184,244,F,5,14.5,0
MR327,P. blochii,42520,2,309,280,638,F,5,47,1
MR328,P. blochii,42543,2,174,156,96,F,2,0.01,1
MR329,P. blochii,42543,2,150,135,65,J,1,0.2,2
MR329,P. blochii,42543,2,171,157,91,F,1,0.1,0
MR330,P. blochii,42543,2,230,211,241,F,2,1.5,2
MR331,P. blochii,42543,2,165,150,93,M,1,0,2
MR332,P. blochii,42543,2,152,142,74,F,1,0.2,0
MR333,P. blochii,42113,2,280,259,485,F,4,29,2
MR334,P. blochii,42113,2,284,265,545.5,F,5,32.5,1
MR335,P. blochii,42113,2,288,276,534,M,4,32,2
MR336,P. blochii,42520,2,287,257,481,F,5,23,0
MR337,P. blochii,42520,2,257,238,327,M,4,14.5,1
MR338,P. blochii,42520,2,213,171,177,M,2,0,1
MR339,P. blochii,42520,2,201,185,184,M,3,2.5,1
MR340,P. blochii,42520,2,195,183,186.5,F,2,1,1
MR341,P. blochii,42520,2,218,171,202,F,3,7,0
MR342,P. blochii,42520,2,235,210,247,F,4,19,1
MR343,P. blochii,42520,2,230,205,253,F,2,1,1
MR344,P. blochii,41547,3,275,253,535,M,5,53,0
MR346,P. blochii,42487,2,203,187,177,F,2,1,1
MR349,P. blochii,42487,2,250,208,329,M,5,9.5,2
MR350,P. blochii,42487,2,281,255,512,F,6,46,0
MR351,P. blochii,42447,1,150,137,71,F,1,0.2,1
MR352,P. blochii,42447,1,155,149,83.5,J,1,0.2,2
MR353,P. blochii,42447,1,140,131,57,M,1,0,1
MR354,P. blochii,42487,2,210,200,211,M,2,0,2
MR357,P. blochii,42487,2,223,209,255,M,4,1.5,2
MR358,P. blochii,42447,1,201,190,190,F,2,0.5,3
MR359,P. blochii,42447,1,205,185,185,F,2,1,3
MR360,P. blochii,42447,1,208,174,216,M,1,0.1,3
MR361,P. blochii,42543,2,284,260,420,M,3,8,1
MR362,P. blochii,42543,2,280,260,433.5,M,5,28,1
MR363,P. blochii,42543,2,176,161,104,M,2,0,1
MR364,P. blochii,42543,2,165,155,100,M,2,0,2
MR365,P. blochii,42447,1,258,237,350,M,2,1.5,1
MR366,P. blochii,42447,1,169,154,96,F,2,0.2,0
MR367,P. blochii,41109,3,192,177,151,F,2,0.2,1
MR368,P. blochii,42447,1,206,190,181,F,2,0,2
MR369,P. blochii,42487,2,223,204,225,M,2,2.5,1
MR370,P. blochii,42487,2,198,182,165,M,1,0.05,2
MR371,P. blochii,42487,2,218,200,233,M,2,0,2
MR372,P. blochii,42487,2,197,184,157,F,2,7.6,2
MR374,P. blochii,42487,2,237,214,238,M,3,4,0
MR375,P. blochii,42781,1,315,296,660,F,4,30.5,2
MR377,P. blochii,42815,1,310,290,549,F,4,11,0
MR378,P. blochii,42815,1,305,278,446.5,M,3,3.1,0
MR379,P. blochii,42815,1,278,259,354,F,3,7.2,0
MR380,P. blochii,42815,1,280,257,396.2,M,3,3.1,1
MR381,P. blochii,42781,1,301,279,551.5,F,6,21.9,1
MR382,P. blochii,42722,4,247,225,253,M,3,2.8,1
MR384,P. blochii,42815,1,294,266,467.5,M,3,7,2
MR385,P. blochii,42815,1,264,244,343.4,M,5,2.4,1
MR386,P. blochii,42815,1,230,200,249,M,3,1.9,1
MR387,P. blochii,42781,1,241,217,275,M,1,0.05,2
MR388,P. blochii,42781,1,301,279,611,F,4,13.5,2
MR389,P. blochii,42922,3,281,252,425.5,F,5,19.5,1
MR390,P. blochii,42922,3,276,254,395,M,6,29.5,1
MR391,P. blochii,42922,3,285,260,421.5,F,5,18,0
MR392,P. blochii,42669,4,274,252,378,F,7,13.6,1
MR393,P. blochii,43034,4,240,215,253,F,1,0.05,2
MR395,P. blochii,42722,4,265,250,400,M,2,5.6,1
MR396,P. blochii,42781,1,283,251,471,F,3,7.5,1
MR397,P. blochii,42815,1,277,235,398.5,M,5,10.8,1
MR401,P. blochii,42815,1,235,213,257,F,2,4.5,0
MR403,P. blochii,42125,2,272,260,439,M,5,21.7,1
MR406,P. blochii,42781,1,157,137,74.5,J,1,0.2,1
MR407,P. blochii,42669,4,136,128,50.5,F,1,0.2,0
MR409,P. blochii,42722,4,202,183,156,F,2,1,1
MR410,P. blochii,42669,4,160,144,79,J,1,0.1,1
MR411,P. blochii,42669,4,223,201,229,M,1,0.3,2
MR413,P. blochii,42781,1,195,174,153,F,2,0.8,0
MR414,P. blochii,42669,4,177,165,117.8,F,2,0.26,1
MR415,P. blochii,42922,3,202,185,156,F,3,1,2
MR416,P. blochii,42922,3,204,186,171,M,3,0.8,1
MR417,P. blochii,42710,4,170,158,107,F,2,0.3,2
MR418,P. blochii,42815,1,221,202,208,F,3,4,1
MR419,P. blochii,42815,1,243,217,243.6,M,4,1.7,0
MR420,P. blochii,42710,4,180,172,127,J,1,0.1,2
MR421,P. blochii,42781,1,202,182,159,F,1,1,1
MR422,P. blochii,42781,1,213,195,136,M,2,0.5,0
MR423,P. blochii,42781,1,189,168,127,F,2,0.26,1
MR424,P. blochii,42722,4,188,174,138,F,1,0.9,0
MR425,P. blochii,42781,1,177,162,119,F,2,1,1
MR426,P. blochii,43034,4,175,156,98.5,F,2,0.1,1
MR428,P. blochii,43051,4,201,188,149.8,F,6,5.1,1
MR429,P. blochii,43051,4,261,235,354.6,F,3,6.1,3
MR430,P. blochii,42764,1,197,179,146.6,M,2,0.218,1
MR432,P. blochii,43098,4,180,160,109.6,M,1,0.261,2
MR433,P. blochii,42823,1,185,172,132.1,F,2,0.87,2
MR434,P. blochii,43098,4,210,189,158.2,M,2,0.146,2
MR435,P. blochii,43098,4,293,266,486.8,M,3,1.55,2
MR437,P. blochii,43098,4,209,193,211,M,2,0.1,2
MR439,P. blochii,43197,2,193,179,141.8,M,3,0.837,1
MR440,P. blochii,43197,2,207,191,172,M,4,0.36,1
MR441,P. blochii,43197,2,199,185,167,F,3,0.813,2
MR442,P. blochii,42832,2,200,182,155.6,F,3,0.81,2
MR443,P. blochii,43197,2,172,160,110,M,2,0.204,2
MR444,P. blochii,43197,2,308,279,636.6,F,4,36.09,1
MR445,P. blochii,43098,4,292,263,488.3,M,3,2.101,2
MR446,P. blochii,43302,3,310,295,680,F,6,18.54,1
MR447,P. blochii,43197,2,260,240,369.3,M,2,1.925,3
MR448,P. blochii,43302,3,286,259,481,M,4,2.002,2
MR450,P. blochii,43197,2,215,190,232.6,F,1,0.89,3
MR451,P. blochii,43302,3,234,213,240.7,M,2,0.636,0
MR452,P. blochii,43302,3,232,216,259.7,F,3,1.7,2
MR453,P. blochii,43302,3,226,204,227,F,2,1.4,2
MR455,P. blochii,43302,3,202,184,173.5,M,3,0.681,1
MR456,P. blochii,43098,4,210,180,203,M,2,0.3,2
MR457,P. blochii,43302,3,241,217,268,M,6,18,0
MR458,P. blochii,43098,4,173,158,115,F,1,0.385,1
MR459,P. blochii,43302,3,265,242,386.6,M,2,1.5,2
MR460,P. blochii,43302,3,220,200,202.6,M,3,0.87,1
MR461,P. blochii,43302,3,212,193,207.5,F,2,2.519,1
MR462,P. blochii,43302,3,207,189,184,F,3,2.47,1
MR463,P. blochii,43302,3,170,160,105.4,M,2,0.768,1
MR464,P. blochii,43302,3,221,202,235,M,2,0.6,3
MR465,P. blochii,43302,3,213,189,186.4,M,3,0.382,0
MR467,P. blochii,43098,4,198,182,159,,2,0.08,1
MR468,P. blochii,43302,3,182,167,117.8,F,1,0.495,3
MR469,P. blochii,43302,3,196,179,149.3,M,1,0.06,1
MR470,P. blochii,43302,3,210,190,186.2,M,3,0.6,0
MR471,P. blochii,43302,3,197,154,146.4,M,2,0.09,2
MR472,P. blochii,43302,3,205,186,154.7,F,2,0.5,1
MR473,P. blochii,43098,4,188,171,147,F,3,1.29,2
MR474,P. blochii,43302,3,191,179,144,F,2,0.9,0
MR475,P. blochii,43098,4,166,150,81,J,-,0,1
MR476,P. blochii,43098,4,184,166,181,J,-,0,0
MR477,P. blochii,43098,4,185,142,136,M,2,0,1
MR478,P. blochii,43098,4,181,138,168,J,-,0,0
MR512,P. blochii,43251,2,246,224,319.5,M,3,0.7,2
MR513,P. blochii,43616,2,241,221.8,289.5,M,3,1.7,1
MR514,P. blochii,43616,2,227,208,252,F,3,3.1,3
MR515,P. blochii,43616,2,240,218,275,F,4,7.5,2
MR516,P. blochii,43616,2,255,233,367.5,M,3,1.2,1
MR517,P. blochii,43616,2,246,218,276,F,3,3.7,1
MR518,P. blochii,43616,2,251,222,283,F,3,3.3,1
MR519,P. blochii,43616,2,247,209,329.5,M,3,0.5,2
MR520,P. blochii,43616,2,211,190,190.5,M,3,2.9,2
MR521,P. blochii,43616,2,218,195,186.5,F,3,0.8,1
MR522,P. blochii,43616,2,210,190,176,M,3,0.7,1
MR523,P. blochii,43419,4,309,278,678.5,M,4,10.1,2
MR524,P. blochii,43419,4,189,186,173,F,2,1,1
MR525,P. blochii,43419,4,176,164,119,F,2,0.5,1
MR527,P. blochii,43419,4,180,165,119,M,2,0.7,1
MR531,P. blochii,43558,2,298,269,512,M,5,43.7,0
MR532,P. blochii,43558,2,199,180,168.5,M,3,0.3,2
MR537,P. blochii,43558,2,145,134,56.5,J,1,0.01,0
MR538,P. blochii,43558,2,244,222,270,M,5,10.2,0
MR539,P. blochii,43558,2,224,204,208,F,3,7.4,2
MR542,P. blochii,43610,2,323,291,663.5,F,5,48,1
MR543,P. blochii,43610,2,283,257,480.5,M,4,22.9,2
MR545,P. blochii,43558,2,253,228,341,F,4,10.6,1
MR547,P. blochii,43419,4,174,160,132,M,3,1.1,3
MR548,P. blochii,43419,4,182,168,130.5,F,2,0.6,2
MR549,P. blochii,43419,4,199,186,151.5,F,2,1,1
MR550,P. blochii,43419,4,205,175,165.5,M,2,0.1,2
MR551,P. blochii,43419,4,181,167,128,F,2,0.6,2
MR552,P. blochii,43519,1,240,217,237,M,3,4.1,3
MR553,P. blochii,43547,1,291,262,492,M,2,9.5,3
MR555,P. blochii,43419,4,218,193,201.5,M,1,0.4,0
MR556,P. blochii,43419,4,241,220,295.5,F,2,2.5,3
MR557,P. blochii,43419,4,225,212,258,M,2,1.6,2
MR558,P. blochii,43419,4,199,176,149,M,1,0,3
MR559,P. blochii,43419,4,256,235,347.5,F,3,2.4,1
MR560,P. blochii,43419,4,213,193,201,F,2,1.4,2
MR563,P.blochii,43822,4,175,155,103,F,2,0.45,0
MR564,P. Blochii,43822,4,221,202,215,F,2,2.5,1
MR565,P. blochii,43822,4,186,170,113,M,2,0.6,1
MR568,P. blochii,43822,4,196,177,140,F,2,1,1
MR569,P. blochii,43822,4,221,206,218,F,4,6.81,0
MR570,P. blochii,43822,4,241,215,262,F,2,2.6,1
MR571,P. blochii,43822,4,278,254,374,F,2,4.4,1
MR592,P. blochii,44402,3,199,186,155.2,M,4,3.4,0
MR593,P. blochii,44402,3,225,211,244.7,M,4,3.5,1
MR594,P. blochii,44402,3,301,284,598.8,F,5,25.4,0
MR600,P. blochii,44402,3,281,262,424,M,,4.4,0
MR601,P. blochii,44402,3,329,312,733.9,F,5,30.5,1
MR602,P. blochii,44402,3,207,186,170.5,F,5,5.7,0
MR603,P. blochii,44402,3,255,229,276.5,M,4,4.6,1
MR605,P. blochii,44402,3,270,242,379.9,M,4,6.7,1
MR606,P. blochii,44402,3,221,205,200.1,M,4,5.8,0
MR607,P. blochii,44402,3,236,219,256.9,F,3,10,0
MR608,P. blochii,44402,3,263,245,359,M,4,6.8,1
MR609,P. blochii,44402,3,256,239,318,M,4,6.4,1
MR611,P. blochii,44773,3,224,202,217.5,F,3,3.5,1
MR612,P. blochii,44773,3,232,207,244,F,4,8.21,2
MR613,P. blochii,44773,3,258,237,326.85,F,4,9.24,1
MR614,P. blochii,44773,3,241,218,234.5,M,4,5,0
MR615,P. blochii,44714,2,251,204,284.93,F,6,21.6,0
MR616,P. blochii,44714,2,225,211,240,F,4,11.5,1
MR617,P. blochii,44714,2,226,208,252,F,4,16.5,1
MR618,P. blochii,44714,2,239,190,271.33,F,,16.4,1
MR619,P. blochii,44714,2,245,220,250,F,4,11,0
MR620,P. blochii,44781,3,291,263,410.24,F,4,17.2,1
MR621,P. blochii,44781,3,340,305,697,F,3,30.69,0
MR622,P. blochii,44781,3,348,319,699.5,F,3,23,0
MR623,P. blochii,44781,3,257,231,310.8,F,4,18.2,1
MR624,P. blochii,44689,2,241,216,281,M,4,16.21,1
MR625,P. blochii,44689,2,253,226,328,M,5,16.1,2
MR626,P. blochii,44689,2,283,250,474.4,M,4,4.25,2
MR627,P. blochii,44689,2,222,202,226.45,M,4,17.14,1
MR628,P. blochii,44689,2,273,247,444,M,5,33.15,2
MR629,P. blochii,44689,2,322,299,720.5,M,5,34.55,0
MR630,P. blochii,44714,2,284,262,437,M,4,16.9,0
MR631,P. blochii,44749,3,307,277,549,M,5,21.19,1
MR632,P. blochii,44689,2,263,234,345.5,M,3,20.2,0
MR633,P. blochii,44689,2,296,257,523.3,M,3,29.62,2
MR636,P. blochii,44781,3,330,298,593.21,M,4,8.43,2
MR637,P. blochii,44714,2,247,224,250.05,M,3,5.2,1
MR638,P. blochii,44714,2,239,228,270.32,F,4,17.81,2
MR639,P. blochii,44714,2,229,206,242.64,M,4,13.28,2
MR641,P. blochii,44689,2,235,214,271.8,F,3,14.65,2
MR642,P. blochii,44689,2,243,220,297.5,M,5,23.55,1
MR643,P. blochii,44714,2,252,230,239,F,3,17.58,1
MR644,P. blochii,44689,2,251,230,340.85,F,4,33.85,1
MR645,P. blochii,44689,2,243,220,296,M,4,17.87,2
MR646,P. blochii,44714,2,249,228,345.8,M,5,34.25,2
MR647,P. blochii,44714,2,232,204,256.25,F,4,12.7,1
MR648,P. blochii,44714,2,251,226,296,M,4,15.7,0
MR649,P. blochii,44778,3,264,216,383.9,F,2,23.7,2
MR649,P. blochii,44689,2,264,216,383,F,2,23.7,2
MR650,P. blochii,44689,2,269,244,282.5,F,1,8.34,1
MR651,P. blochii,44689,2,255,232,341.97,M,3,29.37,1
MR652,P. blochii,44689,2,262,238,363.7,F,3,6.73,0
MR653,P. blochii,44714,2,251,230,330.93,F,5,16.4,2
MR654,P. blochii,45063,2,239,215,255.4,M,5,10.8,0
MR655,P. blochii,45063,2,318,293,653.3,F,4,64.5,1
MR656,P. blochii,45063,2,255,232,286.6,M,3,1.3,1
MR657,P. blochii,45063,2,242,220,266.5,F,4,12.6,0
MR658,P. blochii,45063,2,234,211,224,M,4,5.7,1
MR659,P. blochii,45150,3,272,248,342,F,4,9.7,1
MR660,P. blochii,45144,3,307,275,432,M,3,12.9,0
MR661,P. blochii,45144,3,295,267,439.3,F,4,14,1
MR662,P. blochii,45150,3,281,263,413.3,F,3,13.7,1
MR663,P. blochii,45150,3,251,228,292.1,F,3,5.6,2
MR664,P. blochii,45150,3,262,242,355.8,M,3,5.6,1
MR665,P. blochii,45150,3,270,243,326.5,M,4,11.7,0
MR666,P. blochii,45009,1,285,259,410.6,F,3,8.85,1
MR667,P. blochii,45009,1,262,237,346.8,F,4,9.2,2
MR668,P. blochii,45009,1,270,243,352.3,M,3,6.1,1
MR669,P. blochii,45009,1,276,257,388.4,F,3,6.5,1
MR670,P. blochii,45078,2,326,294,617.5,M,4,17.2,1
MR671,P. blochii,45078,2,245,224,264.3,F,2,2.8,1
MR672,P. blochii,45078,2,291,266,420.5,F,5,26,1
MR673,P. blochii,45078,2,258,232,314,F,2,4,0
MR674,P. blochii,45132,3,313,287,525,F,4,23.5,2
MR675,P. blochii,45028,2,278,250,379,F,4,9.6,0
MR676,P. blochii,45150,3,273,240,365,M,2,2.05,0
MR677,P. blochii,45083,2,399,361,1064.7,M,4,18.8,0
MR678,P. blochii,45144,3,260,240,334.1,F,1,12.2,0
MR679,P. blochii,45132,3,365,331,819.6,M,3,10.4,0
MR680,P. blochii,45132,3,273,242,339.7,F,3,7.95,1
MR681,P. blochii,45047,2,275,252,389,M,3,13.8,1
MR682,P. blochii,45078,2,265,240,346.6,F,3,8.15,1
MR686,P. blochii,45047,2,338,316,831.4,M,5,55.3,2
MR687,P. blochii,45047,2,372,345,1095.5,F,4,86.7,1
MR688,P. blochii,45063,2,334,301,763.6,F,5,55,
MR689,P. blochii,45063,2,286,257,494.6,F,4,27.2,0
MR690,P. blochii,45063,2,225,210,210.6,F,2,4.5,1
MR691,P. blochii,45063,2,275,265,474,M,4,16.4,2
MR692,P. blochii,45063,2,259,232,294.9,F,3,10.2,1
MR693,P. blochii,45063,2,261,239,291.6,F,3,15.4,1
MR694,P. blochii,45078,2,283,257,400.7,M,3,6.25,1
MR695,P. blochii,45144,3,302,275,531.9,M,4,25.1,1
MR696,P. blochii,45132,3,335,306,665,M,4,10.55,1
MR697,P. blochii,45132,3,353,320,797.1,F,4,46.9,0
MR698,P. blochii,45063,2,302,278,568.1,F,4,47.8,1
MR699,P. blochii,45047,2,410,390,1464.9,F,5,88.9,0
MR700,P. blochii,45047,2,357,323,1001.8,M,4,109.4,1
MR701,P. blochii,45009,1,266,238,374.9,M,2,10.9,1
MR702,P. blochii,44833,3,252,234,320.3,F,2,4.1,1
MR716,P. blochii,45009,1,316,287,591.5,F,2,10.15,
MR717,P. blochii,45009,1,284,260,460,F,4,10.85,1
MR722,P. blochii,45078,2,230,204,223.4,F,2,3.05,2
MR723,P. blochii,45493,3,271,247,377,F,4,11.4,1
MR724,P. blochii,45334,1,351,319,787,M,2,2.7,2
MR725,P. blochii,45334,1,334,303,792,F,4,19,2
MR726,P. blochii,45334,1,315,290,595,M,3,2.87,1
MR727,P. blochii,45456,2,220,210,204,F,3,3.4,0
MR728,P. blochii,45456,2,261,233,347,F,4,10.3,0
MR729,P. blochii,45456,2,265,237,326,F,4,11.7,1
MR730,P. blochii,45456,2,210,190,174,F,4,10.5,1
MR731,P. blochii,45296,1,220,203,207,F,2,2.52,1
MR732,P. blochii,45296,1,228,213,212,F,2,25,0
MR733,P. blochii,45296,1,225,207,211,F,4,2.57,1
MR734,P. blochii,45296,1,249,225,290,M,7,0.31,1
MR735,P. blochii,45296,1,264,210,331,M,1,1.3,2
MR736,P. blochii,45493,3,243,217,250,M,5,11.2,0
MR737,P. blochii,45493,3,246,219,255,M,4,4.8,1
MR738,P. blochii,45493,3,235,213,210,M,4,3.1,0
MR739,P. blochii,45495,3,252,231,305,F,4,8,1
MR740,P. blochii,45456,2,231,207,238,F,3,2.57,0
MR741,P. blochii,45456,2,188,174,138,F,3,2.49,0
MR742,P. blochii,45456,2,203,182,152,F,4,2.65,0
MR743,P. blochii,45493,3,180,167,129,F,5,8.2,1
MR744,P. blochii,45463,2,209,,175,F,3,2.3,0
MR745,P. blochii,45463,2,201,180,151,F,3,5,0
MR746,P. blochii,45604,4,303,279,542,F,3,18.2,1
MR747,P. blochii,45238,4,269,243,352,M,2,1.51,0
MR748,P. blochii,45296,1,225,206,208,M,2,0.36,2
MR749,P. blochii,45296,1,254,234,307,F,7,3,1
MR750,P. blochii,45296,1,222,205,235,F,2,3.3,1
MR751,P. blochii,45296,1,240,224,238,F,2,3,1
MR752,P. blochii,45403,2,289,264,511,M,5,34.2,0
MR753,P. blochii,45403,2,287,271,516,M,5,20.1,2
MR754,P. blochii,45493,3,226,206,273,M,5,12,1
MR755,P. blochii,45196,3,284,259,363,F,2,3.24,0
MR756,P. blochii,45196,3,293,263,396,F,3,7.51,1
MR757,P. blochii,45493,3,250,229,295,M,5,8.7,1
MR758,P. blochii,45493,3,255,230,319,M,4,25.9,1
MR759,P. blochii,45480,3,244,220,269,M,5,13,1
MR760,P. blochii,45383,2,230,205,227,M,4,12.33,1
MR761,P. blochii,45383,2,233,210,191,F,2,2.3,0
MR762,P. blochii,45383,2,252,231,298,F,5,23.2,0
MR763,P. blochii,45403,2,311,284,570,M,3,10.55,2
MR764,P. blochii,45383,2,186,170,110,F,5,3.24,1
MR765,P. blochii,45383,2,212,190,161,F,2,2.1,1
MR766,P. blochii,45383,2,211,195,187,M,3,3.6,1
MR767,P. blochii,45403,2,341,310,732,F,4,34.9,1
MR768,P. blochii,45334,1,350,325,919,M,2,5.5,1
MR769,P. blochii,45383,2,190,188,130,F,1,1.5,
MR770,P. blochii,45403,2,347,314,817,M,5,37,1
MR771,P. blochii,45196,3,351,318,675,M,7,2.1,0
MR772,P. blochii,45334,1,330,318,680,F,2,9.7,0
