FishID,Species,Date,Season,TL,FL,Mass,Sex,GS,GW,Fat,GSI,ln(TL),ln(Mass),Predicted mass,Le Cren
MR013,P. blochii,15-07-12,3,213,192,183.9,F,4,9.9,0,0.056896552,5.361292166,5.214392132,195.1229598,0.942482628
MR014,P. blochii,15-07-12,3,212,196,186.8,F,4,9.1,2,0.051209904,5.356586275,5.230038526,192.4932218,0.97042378
MR015,P. blochii,15-07-12,3,205,194,173,F,4,9.4,1,0.057457213,5.323009979,5.153291594,174.7308765,0.990094043
MR016,P. blochii,15-07-12,3,247,227,320,F,3,21,0,0.070234114,5.509388337,5.768320996,299.0619983,1.070012245
MR017,P. blochii,15-07-12,3,256,240,387,F,4,35,1,0.099431818,5.545177444,5.958424693,331.5721171,1.1671669
MR022,P. blochii,01-07-13,3,211,198,203.6,F,3,12,2,0.06263048,5.351858133,5.316157285,189.8867428,1.072218086
MR023,P. blochii,01-06-12,2,250,221,327.4,F,4,28.5,0,0.095349615,5.521460918,5.791182665,309.6556965,1.057303333
MR024,P. blochii,01-06-12,2,209,190,183.4,F,4,9.8,0,0.056451613,5.342334252,5.21166956,184.7431742,0.992729506
MR025,P. blochii,18-07-12,3,257,232,293,F,5,10.3,0,0.036434383,5.549076085,5.680172609,335.3204649,0.873790987
MR026,P. blochii,18-07-12,3,215,198,187,F,4,4.2,0,0.02297593,5.370638028,5.231108617,200.4526007,0.932888869
MR027,P. blochii,24-06-12,2,291,262,556.4,F,4,30.3,2,0.057593613,5.673323267,6.32148746,479.7865971,1.159682249
MR028,P. blochii,24-06-12,2,246,223,309.1,F,5,24.6,0,0.086467487,5.505331536,5.733664849,295.5841334,1.045725954
MR029,P. blochii,24-06-12,2,232,210,257,F,6,23.1,1,0.098760154,5.446737372,5.549076085,249.6357631,1.029499927
MR030,P. blochii,29-07-12,3,220,195,217,F,6,14.5,0,0.071604938,5.393627546,5.379897354,214.1905126,1.013116769
MR031,P. blochii,29-07-12,3,221,198,219,F,5,15.4,0,0.075638507,5.398162702,5.38907173,217.009807,1.009170982
MR032,P. blochii,29-07-12,3,215,195,218,F,6,18.1,0,0.090545273,5.370638028,5.384495063,200.4526007,1.087538896
MR035,P. blochii,18-07-12,3,258,237,348,F,4,19.3,0,0.058716155,5.552959585,5.85220248,339.0963831,1.026256891
MR036,P. blochii,18-07-12,3,273,249,408,F,3,15,1,0.038167939,5.609471795,6.011267174,399.1079269,1.022279871
MR037,P. blochii,19-03-16,1,244,220,320,F,5,17.2,1,0.05680317,5.497168225,5.768320996,288.7078841,1.108386773
MR038,P. blochii,15-07-12,3,205,185,182,F,2,5.4,1,0.030577576,5.323009979,5.204006687,174.7308765,1.041601826
MR039,P. blochii,18-04-12,2,215,200,198,F,4,11.3,0,0.060524906,5.370638028,5.288267031,200.4526007,0.987764685
MR040,P. blochii,18-04-12,2,210,190,202,F,5,19.4,0,0.106243154,5.347107531,5.308267697,187.3034259,1.07846399
MR049,P. blochii,15-07-12,3,210,189,186,F,4,9.7,0,0.055019853,5.347107531,5.225746674,187.3034259,0.993041099
MR052,P. blochii,12-08-12,3,195,176,123.6,F,2,1.4,0,0.011456628,5.272999559,4.817050545,151.2670371,0.817098043
MR055,P. blochii,01-07-13,3,248,227,306,F,5,19.5,0,0.068062827,5.513428746,5.723585102,302.5664836,1.011347973
MR057,P. blochii,26-08-12,3,245,223,273,F,5,12.5,0,0.047984645,5.501258211,5.609471795,292.1327937,0.934506518
MR058,P. blochii,15-09-12,3,232,210,230,F,4,8.2,0,0.036970243,5.446737372,5.438079309,249.6357631,0.921342348
MR059,P. blochii,01-07-13,3,205,186,175.7,F,5,6.5,0,0.038416076,5.323009979,5.168777995,174.7308765,1.005546378
MR060,P. blochii,01-07-13,3,211,195,208.9,F,6,13.3,0,0.06799591,5.351858133,5.341855669,189.8867428,1.100129461
MR061,P. blochii,28-07-12,3,238,215,245.2,F,4,8.8,1,0.037225042,5.472270674,5.502074204,268.7081144,0.912514312
MR064,P. blochii,12-09-12,3,231,207,245,F,5,13.4,0,0.057858377,5.442417711,5.501258211,246.545752,0.993730364
MR065,P. blochii,13-08-12,3,220,201,211,F,1,3.2,0,0.015399423,5.393627546,5.351858133,214.1905126,0.985104323
MR067,P. blochii,15-09-13,3,207,180,178,F,4,7.7,1,0.045214328,5.332718793,5.18178355,179.6914778,0.990586767
MR068,P. blochii,15-09-13,3,224,201,216.2,F,5,10.1,0,0.049005337,5.411646052,5.376203905,225.6128511,0.958278746
MR069,P. blochii,26-08-12,3,226,206,221,F,5,11.2,0,0.053384175,5.420534999,5.398162702,231.470145,0.954766758
MR070,P. blochii,15-09-13,3,218,198,217,F,6,12.9,0,0.063204312,5.384495063,5.379897354,208.6239256,1.040149155
MR071,P. blochii,26-08-12,3,220,195,187,F,2,5.5,0,0.03030303,5.393627546,5.231108617,214.1905126,0.873054543
MR072,P. blochii,24-07-13,3,232,208,209.6,F,5,11.3,0,0.056984367,5.446737372,5.345200952,249.6357631,0.839623287
MR157,P. blochii,24-07-13,3,234,218,227.1,F,4,9.3,1,0.042699725,5.455321115,5.425390449,255.8914426,0.887485715
MR162,P. blochii,29-07-12,3,229,209,257.9,F,5,10,0,0.040338846,5.433722004,5.552571913,240.4409076,1.07261282
MR163,P. blochii,24-07-13,3,273,246,429.5,F,5,37.7,0,0.096222563,5.609471795,6.062621741,399.1079269,1.076150011
MR164,P. blochii,16-07-13,3,237,211,247.1,F,3,5.5,1,0.022764901,5.468060141,5.509793113,265.465543,0.930817601
MR168,P. blochii,16-07-13,3,260,245,407.8,F,5,34,1,0.090957731,5.560681631,6.010776858,346.7313095,1.176126842
MR169,P. blochii,16-07-13,3,240,225,267,F,5,12,0,0.047058824,5.480638923,5.587248658,275.2706381,0.969954521
MR170,P. blochii,16-07-13,3,236,211,250.4,F,5,13.3,1,0.056094475,5.463831805,5.523059639,262.2486377,0.954819069
MR172,P. blochii,01-07-13,3,209,195,188.4,F,4,2.6,2,0.013993541,5.342334252,5.238567362,184.7431742,1.019794105
MR173,P. blochii,01-07-13,3,232,210,225.4,F,4,8.3,2,0.03823123,5.446737372,5.417876602,249.6357631,0.902915501
MR174,P. blochii,01-07-13,3,189,166,150.2,F,3,3.2,1,0.021768707,5.241747015,5.011967739,138.2319467,1.086579504
MR175,P. blochii,29-05-13,2,248,238,401.5,F,5,23.4,1,0.061888389,5.513428746,5.995207533,302.5664836,1.326981083
MR176,P. blochii,29-05-13,2,225,205,255,F,4,10.9,1,0.04465383,5.416100402,5.541263545,228.5292408,1.115830951
MR177,P. blochii,29-05-13,2,285,250,502.4,F,5,31.1,2,0.065987694,5.65248918,6.219396615,451.8129839,1.111964503
MR179,P. blochii,29-05-13,2,220,200,234,F,5,12.6,1,0.056910569,5.393627546,5.455321115,214.1905126,1.092485363
MR182,P. blochii,13-09-13,3,225,215,239,F,4,18.2,1,0.082427536,5.416100402,5.476463552,228.5292408,1.045818028
MR183,P. blochii,26-08-13,3,219,200,196,F,5,7.5,0,0.039787798,5.38907173,5.278114659,211.395251,0.927173146
MR184,P. blochii,26-08-13,3,282,258,394,F,6,18.4,1,0.048988285,5.641907071,5.976350909,438.2352442,0.899060505
MR185,P. blochii,26-08-13,3,235,210,287,F,6,11.1,0,0.040231968,5.459585514,5.659482216,259.0573028,1.107862997
MR186,P. blochii,26-08-13,3,245,223,270.9,F,5,17.5,0,0.069060773,5.501258211,5.601749749,292.1327937,0.927318007
MR188,P. blochii,13-09-13,3,251,232,312,F,4,12.1,0,0.040346782,5.525452939,5.743003188,313.2406143,0.996039421
MR189,P. blochii,26-08-13,3,256,229,333.8,F,5,11.8,0,0.036645963,5.545177444,5.810542011,331.5721171,1.00671915
MR191,P. blochii,26-08-13,3,253,232,311,F,4,18.1,0,0.061795835,5.533389489,5.739792912,320.4915477,0.970384405
MR192,P. blochii,26-08-13,3,265,240,367,F,3,5,0,0.013812155,5.579729826,5.905361848,366.3077339,1.001889849
MR193,P. blochii,26-08-13,3,262,234,334,F,6,24.9,0,0.080556454,5.568344504,5.811140993,354.4776537,0.942231468
MR195,P. blochii,26-08-13,3,220,201,211,F,5,8.1,0,0.039921143,5.393627546,5.351858133,214.1905126,0.985104323
MR198,P. blochii,26-08-13,3,239,214,246.7,F,3,9.3,0,0.039174389,5.476463552,5.508173024,271.9764476,0.907063837
MR200,P. blochii,26-08-13,3,250,228,313,F,3,8.9,1,0.029266689,5.521460918,5.746203191,309.6556965,1.010800071
MR201,P. blochii,13-09-13,3,237,203,279.5,F,5,16,0,0.060721063,5.468060141,5.633002293,265.465543,1.05286734
MR202,P. blochii,13-09-13,3,272,229,393.4,F,5,25.4,0,0.069021739,5.605802066,5.974826906,394.9071072,0.996183641
MR206,P. blochii,26-08-13,3,275,243,415.8,F,6,23.1,1,0.058823529,5.616771098,6.030204375,407.5969043,1.02012551
MR209,P. blochii,26-08-13,3,242,220,236,F,5,15.9,0,0.072239891,5.488937726,5.463831805,281.9369733,0.837066516
MR214,P. blochii,13-09-13,3,244,220,288.8,F,5,18.2,0,0.067257945,5.497168225,5.665734407,288.7078841,1.000319063
MR216,P. blochii,13-09-13,3,224,209,243.7,F,5,17.1,0,0.075463372,5.411646052,5.495937961,225.6128511,1.080168965
MR217,P. blochii,26-08-13,3,213,192,173,F,4,6.2,1,0.037170264,5.361292166,5.153291594,195.1229598,0.886620417
MR219,P. blochii,02-10-13,4,268,242,366.2,F,6,10.8,0,0.030388295,5.590986981,5.903179632,378.3927582,0.967777507
MR220,P. blochii,30-09-13,3,304,278,515.5,F,6,19.3,0,0.038895607,5.717027701,6.245137303,544.2229097,0.94722216
MR222,P. blochii,30-09-13,3,260,240,350.7,F,3,5.5,0,0.015932793,5.560681631,5.859931157,346.7313095,1.011446011
MR225,P. blochii,02-10-13,4,400,365,1234.5,F,5,54.3,1,0.046009151,5.991464547,7.118421309,1200.713229,1.028138918
MR226,P. blochii,30-09-13,3,239,219,268,F,3,3.1,0,0.011702529,5.476463552,5.590986981,271.9764476,0.985379442
MR227,P. blochii,30-09-13,3,242,219,279.9,F,4,7,1,0.025650421,5.488937726,5.634432397,281.9369733,0.992775075
MR230,P. blochii,02-10-13,4,248,227,292.1,F,6,10,0,0.035448423,5.513428746,5.677096209,302.5664836,0.965407657
MR233,P. blochii,24-07-13,3,273,250,430,F,5,28.2,2,0.070184171,5.609471795,6.063785209,399.1079269,1.077402805
MR234,P. blochii,24-07-13,3,240,215,259.8,F,5,13.8,1,0.056097561,5.480638923,5.559912104,275.2706381,0.943798444
MR237,P. blochii,02-10-13,4,240,211,287.6,F,4,18.2,1,0.067557535,5.480638923,5.661570626,275.2706381,1.044789964
MR243,P. blochii,22-07-13,3,196,175,120,F,2,2.3,0,0.019541206,5.278114659,4.787491743,153.5145929,0.781684644
MR244,P. blochii,02-10-13,4,241,217,292.3,F,4,15.4,,0.055615746,5.484796933,5.677780672,278.5907815,1.049209161
MR247,P. blochii,29-05-13,2,229,216,264.6,F,4,13.2,0,0.052505967,5.433722004,5.578219252,240.4409076,1.100478295
MR248,P. blochii,17-07-14,3,258,219,351,F,5,24,1,0.073394495,5.552959585,5.860786223,339.0963831,1.035103934
MR249,P. blochii,29-04-14,2,236,211,261.6,F,2,6.3,1,0.024676851,5.463831805,5.56681662,262.2486377,0.997526631
MR250,P. blochii,17-07-14,3,215,190,193.5,F,2,2.38,1,0.012452909,5.370638028,5.265277512,200.4526007,0.965315488
MR250,P. blochii,29-04-14,2,326,302,769.5,F,4,42,1,0.057731959,5.786897381,6.645740953,665.6881954,1.155946591
MR251,P. blochii,29-04-14,2,242,228,336,F,4,17,2,0.053291536,5.488937726,5.81711116,281.9369733,1.191755718
MR252,P. blochii,29-04-14,2,259,235,371,F,4,16.5,2,0.046544429,5.556828062,5.916202063,342.8999664,1.081948196
MR253,P. blochii,26-07-14,3,161,154,100.08,F,2,0.16,2,0.001601281,5.081404365,4.605969866,87.06026052,1.149548593
MR253,P. blochii,29-04-14,2,240,225,294.1,F,6,16.5,1,0.05943804,5.480638923,5.683919846,275.2706381,1.068403089
MR254,P. blochii,29-04-14,2,260,235,360.4,F,5,31,1,0.094110504,5.560681631,5.887214526,346.7313095,1.039421564
MR256,P. blochii,23-01-14,1,240,220,311,F,3,3.64,2,0.01184279,5.480638923,5.739792912,275.2706381,1.129797214
MR258,P. blochii,23-05-14,2,245,221,300,F,5,15.5,2,0.054481547,5.501258211,5.703782475,292.1327937,1.02693024
MR259,P. blochii,16-05-14,2,218,205,213.7,F,6,13.07,1,0.065144794,5.384495063,5.364573162,208.6239256,1.024331219
MR260,P. blochii,16-05-14,2,230,200,272.63,F,4,12.8,0,0.04926298,5.438079309,5.608115565,243.4808322,1.119718532
MR261,P. blochii,23-05-14,2,225,195,294.1,F,4,14.7,1,0.052612742,5.416100402,5.683919846,228.5292408,1.28692503
MR262,P. blochii,16-05-14,2,260,235,346.5,F,5,23.5,1,0.072755418,5.560681631,5.847882819,346.7313095,0.999332886
MR262,P. blochii,29-04-14,2,277,252,477.5,F,4,4.5,2,0.009513742,5.624017506,6.16856416,416.2029593,1.147276802
MR263,P. blochii,23-01-14,1,260,245,398.86,F,4,4.9,2,0.012437811,5.560681631,5.988610478,346.7313095,1.150343188
MR264,P. blochii,23-01-14,1,240,210,324.3,F,3,3.2,2,0.009965743,5.480638923,5.781669013,275.2706381,1.178113301
MR266,P. blochii,13-01-14,1,199,185,169.5,F,2,0.5,2,0.00295858,5.293304825,5.132852927,160.3878594,1.056813157
MR267,P. blochii,08-01-14,1,248,230,310.8,F,2,3.3,1,0.010731707,5.513428746,5.739149618,302.5664836,1.027212255
MR268,P. blochii,08-01-14,1,245,230,317.5,F,3,4.7,1,0.015025575,5.501258211,5.760477818,292.1327937,1.086834504
MR268,P. blochii,23-01-14,1,257,235,354.5,F,2,2.5,2,0.007102273,5.549076085,5.870708346,335.3204649,1.057197628
MR269,P. blochii,29-03-14,1,260,241,451.5,F,4,22.2,2,0.051712089,5.560681631,6.112575373,346.7313095,1.302161033
MR270,P. blochii,26-07-15,3,181,174,139.5,F,1,0.5,2,0.003597122,5.198497031,4.938064601,122.0249953,1.143208403
MR270,P. blochii,29-03-14,1,235,230,384.5,F,4,16,1,0.043419267,5.459585514,5.951943789,259.0573028,1.484227605
MR271,P. blochii,26-07-15,3,190,173,142,F,2,0.2,2,0.001410437,5.247024072,4.955827058,140.3513513,1.011746582
MR271,P. blochii,23-01-14,1,231,211,267.5,F,3,3,2,0.011342155,5.442417711,5.589119566,246.545752,1.084991316
MR272,P. blochii,23-01-14,1,231,211,267.5,F,3,3,2,0.011342155,5.442417711,5.589119566,246.545752,1.084991316
MR273,P. blochii,26-07-15,3,183,164,128.58,F,2,0.29,2,0.002260504,5.209486153,4.856551279,125.9533968,1.02085377
MR273,P. blochii,23-01-14,1,234,223,327,F,2,4.5,1,0.013953488,5.455321115,5.789960171,255.8914426,1.27788564
MR275,P. blochii,26-07-15,3,188,167,119.5,F,2,0.27,2,0.002264531,5.236441963,4.783316371,136.1335572,0.877814423
MR276,P. blochii,23-01-14,1,196,174,150,F,1,0.5,1,0.003344482,5.278114659,5.010635294,153.5145929,0.977105806
MR276,P. blochii,26-07-14,3,260,230,367,F,3,20.91,1,0.06041781,5.560681631,5.905361848,346.7313095,1.058456476
MR278,P. blochii,29-03-14,1,255,233,362.5,F,4,16.5,1,0.047687861,5.541263545,5.893024474,327.8512449,1.105684379
MR279,P. blochii,29-04-14,2,241,223,406.4,F,4,12.8,1,0.032520325,5.484796933,6.007337896,278.5907815,1.458770451
MR281,P. blochii,26-07-15,3,297,270,572,F,5,40.68,0,0.076564029,5.693732139,6.349138991,508.8678838,1.124063865
MR282,P. blochii,29-04-13,2,235,214,302,F,4,14.5,2,0.050434783,5.459585514,5.710427017,259.0573028,1.165765245
MR283,P. blochii,23-01-14,1,250,225,318,F,3,3,1,0.00952381,5.521460918,5.762051383,309.6556965,1.026947037
MR283,P. blochii,26-07-15,3,275,240,398.76,F,5,23.92,1,0.063813894,5.616771098,5.988359732,407.5969043,0.978319501
MR284,P. blochii,26-07-15,3,180,160,124.05,F,2,0.14,2,0.001129852,5.192956851,4.82068471,120.091185,1.032965076
MR285,P. blochii,26-07-15,3,179,158,119.36,F,2,0.97,1,0.00819326,5.187385806,4.782144136,118.1775033,1.010006106
MR286,P. blochii,16-06-14,2,254,234,328.5,F,4,17,0,0.054574639,5.537334267,5.794536838,324.1577534,1.013395474
MR288,P. blochii,23-01-14,1,264,241,398,F,4,6.5,2,0.01660281,5.575949103,5.986452005,362.3361726,1.098427455
MR290,P. blochii,26-07-14,3,175,162,115,F,1,0.24,2,0.002091321,5.164785974,4.744932128,110.7220859,1.038636502
MR291,P. blochii,26-07-15,3,190,170,109.5,F,2,0.28,1,0.002563633,5.247024072,4.695924549,140.3513513,0.780184865
MR291,P. blochii,29-03-14,1,190,170,139,F,2,0.5,2,0.003610108,5.247024072,4.934473933,140.3513513,0.990371655
MR292,P. blochii,29-03-14,1,211,199,217.5,F,2,8.5,1,0.040669856,5.351858133,5.382198851,189.8867428,1.145419616
MR294,P. blochii,16-06-14,2,260,225,268,F,4,11,0,0.042801556,5.560681631,5.590986981,346.7313095,0.772932795
MR296,P. blochii,26-07-14,3,180,170,123,F,2,0.23,3,0.001873422,5.192956851,4.812184355,120.091185,1.02422172
MR297,P. blochii,26-07-15,3,170,,129.9,F,1,0.1,2,0.000770416,5.135798437,4.866764924,101.8438311,1.275482261
MR305,P. blochii,18-03-16,1,197,180,167,F,1,0,0,0,5.283203729,5.117993812,155.7838501,1.071998156
MR306,P. blochii,18-03-16,1,217,174,208,F,2,1,2,0.004830918,5.379897354,5.33753808,205.8764398,1.010314731
MR308,P. blochii,18-03-16,1,204,187,162,F,2,0.01,2,6.17322E-05,5.318119994,5.087596335,172.2844935,0.94030517
MR309,P. blochii,18-03-16,1,225,206,208,F,1,0.7,2,0.003376749,5.416100402,5.33753808,228.5292408,0.910167991
MR313,P. blochii,27-04-16,2,196,184,150,F,2,1,1,0.006711409,5.278114659,5.010635294,153.5145929,0.977105806
MR315,P. blochii,30-05-16,2,205,190,185,F,2,1,1,0.005434783,5.323009979,5.220355825,174.7308765,1.058771086
MR322,P. blochii,22-06-16,2,303,283,557,F,6,28,1,0.052930057,5.713732806,6.32256524,539.0769957,1.033247578
MR324,P. blochii,22-06-16,2,210,169,177,F,2,1.5,2,0.008547009,5.347107531,5.176149733,187.3034259,0.944990724
MR325,P. blochii,19-04-15,2,227,184,244,F,5,14.5,0,0.063180828,5.424950017,5.497168225,234.4356602,1.040797291
MR327,P. blochii,30-05-16,2,309,280,638,F,5,47,1,0.079526227,5.733341277,6.458338283,570.4340373,1.118446583
MR328,P. blochii,22-06-16,2,174,156,96,F,2,0.01,1,0.000104178,5.159055299,4.564348191,108.9075639,0.881481474
MR329,P. blochii,22-06-16,2,171,157,91,F,1,0.1,0,0.00110011,5.141663557,4.510859507,103.5808096,0.878541115
MR330,P. blochii,22-06-16,2,230,211,241,F,2,1.5,2,0.006263048,5.438079309,5.484796933,243.4808322,0.989810975
MR332,P. blochii,22-06-16,2,152,142,74,F,1,0.2,0,0.002710027,5.023880521,4.304065093,73.7540633,1.003334551
MR333,P. blochii,19-04-15,2,280,259,485,F,4,29,2,0.063596491,5.634789603,6.184148891,429.3332069,1.129658718
MR334,P. blochii,19-04-15,2,284,265,545.5,F,5,32.5,1,0.063352827,5.648974238,6.301702805,447.2569878,1.219656741
MR336,P. blochii,30-05-16,2,287,257,481,F,5,23,0,0.050218341,5.659482216,6.17586727,461.0156927,1.043348432
MR340,P. blochii,30-05-16,2,195,183,186.5,F,2,1,1,0.005390836,5.272999559,5.228431239,151.2670371,1.232918973
MR341,P. blochii,30-05-16,2,218,171,202,F,3,7,0,0.035897436,5.384495063,5.308267697,208.6239256,0.968249444
MR342,P. blochii,30-05-16,2,235,210,247,F,4,19,1,0.083333333,5.459585514,5.509388337,259.0573028,0.953457005
MR343,P. blochii,30-05-16,2,230,205,253,F,2,1,1,0.003968254,5.438079309,5.533389489,243.4808322,1.039096169
MR346,P. blochii,27-04-16,2,203,187,177,F,2,1,1,0.005681818,5.313205979,5.176149733,169.8605924,1.042030982
MR350,P. blochii,27-04-16,2,281,255,512,F,6,46,0,0.098712446,5.638354669,6.238324625,433.7693091,1.180350913
MR351,P. blochii,18-03-16,1,150,137,71,F,1,0.2,1,0.002824859,5.010635294,4.262679877,70.9904073,1.000135127
MR358,P. blochii,18-03-16,1,201,190,190,F,2,0.5,3,0.002638522,5.303304908,5.247024072,165.0798466,1.150958181
MR359,P. blochii,18-03-16,1,205,185,185,F,2,1,3,0.005434783,5.323009979,5.220355825,174.7308765,1.058771086
MR366,P. blochii,18-03-16,1,169,154,96,F,2,0.2,0,0.002087683,5.129898715,4.564348191,100.1259902,0.958792016
MR367,P. blochii,19-07-12,3,192,177,151,F,2,0.2,1,0.00132626,5.257495372,5.017279837,144.6535988,1.043873096
MR368,P. blochii,18-03-16,1,206,190,181,F,2,0,2,0,5.327876169,5.198497031,177.1998389,1.021445624
MR372,P. blochii,27-04-16,2,197,184,157,F,2,7.6,2,0.050870147,5.283203729,5.056245805,155.7838501,1.007806649
MR375,P. blochii,15-02-17,1,315,296,660,F,4,30.5,2,0.048451152,5.752572639,6.492239835,602.9590667,1.094601668
MR377,P. blochii,21-03-17,1,310,290,549,F,4,11,0,0.020446097,5.736572297,6.308098442,575.7732243,0.953500401
MR379,P. blochii,21-03-17,1,278,259,354,F,3,7.2,0,0.020761246,5.627621114,5.869296913,420.5501259,0.841754593
MR381,P. blochii,15-02-17,1,301,279,551.5,F,6,21.9,1,0.041351964,5.707110265,6.312641839,528.8807359,1.042768176
MR388,P. blochii,15-02-17,1,301,279,611,F,4,13.5,2,0.022594142,5.707110265,6.415096959,528.8807359,1.15526991
MR389,P. blochii,06-07-17,3,281,252,425.5,F,5,19.5,1,0.048029557,5.638354669,6.053264948,433.7693091,0.980936159
MR391,P. blochii,06-07-17,3,285,260,421.5,F,5,18,0,0.044609665,5.65248918,6.043819777,451.8129839,0.932908117
MR392,P. blochii,26-10-16,4,274,252,378,F,7,13.6,1,0.037321625,5.613128106,5.934894196,403.3378279,0.937179639
MR393,P. blochii,26-10-17,4,240,215,253,F,1,0.05,2,0.000197668,5.480638923,5.533389489,275.2706381,0.919095483
MR396,P. blochii,15-02-17,1,283,251,471,F,3,7.5,1,0.01618123,5.645446898,6.154858094,442.7311058,1.063851159
MR401,P. blochii,21-03-17,1,235,213,257,F,2,4.5,0,0.017821782,5.459585514,5.549076085,259.0573028,0.992058503
MR407,P. blochii,26-10-16,4,136,128,50.5,F,1,0.2,0,0.003976143,4.912654886,3.921973336,53.51851835,0.943598619
MR409,P. blochii,18-12-16,4,202,183,156,F,2,1,1,0.006451613,5.308267697,5.049856007,167.459076,0.931570887
MR413,P. blochii,15-02-17,1,195,174,153,F,2,0.8,0,0.005256242,5.272999559,5.030437921,151.2670371,1.011456315
MR414,P. blochii,26-10-16,4,177,165,117.8,F,2,0.26,1,0.002212013,5.176149733,4.768988271,114.4101306,1.029629101
MR415,P. blochii,06-07-17,3,202,185,156,F,3,1,2,0.006451613,5.308267697,5.049856007,167.459076,0.931570887
MR417,P. blochii,06-12-16,4,170,158,107,F,2,0.3,2,0.002811621,5.135798437,4.672828834,101.8438311,1.05062819
MR418,P. blochii,21-03-17,1,221,202,208,F,3,4,1,0.019607843,5.398162702,5.33753808,217.009807,0.958482028
MR421,P. blochii,15-02-17,1,202,182,159,F,1,1,1,0.006329114,5.308267697,5.068904202,167.459076,0.949485712
MR423,P. blochii,15-02-17,1,189,168,127,F,2,0.26,1,0.002051444,5.241747015,4.844187086,138.2319467,0.918745652
MR424,P. blochii,18-12-16,4,188,174,138,F,1,0.9,0,0.006564551,5.236441963,4.927253685,136.1335572,1.01371038
MR425,P. blochii,15-02-17,1,177,162,119,F,2,1,1,0.008474576,5.176149733,4.779123493,114.4101306,1.040117683
MR426,P. blochii,26-10-17,4,175,156,98.5,F,2,0.1,1,0.00101626,5.164785974,4.590056548,110.7220859,0.889614743
MR428,P. blochii,12-11-17,4,201,188,149.8,F,6,5.1,1,0.035245335,5.303304908,5.009301071,165.0798466,0.907439661
MR429,P. blochii,12-11-17,4,261,235,354.6,F,3,6.1,3,0.017503587,5.564520407,5.870990394,350.5905071,1.011436399
MR433,P. blochii,29-03-17,1,185,172,132.1,F,2,0.87,2,0.006629582,5.220355825,4.883559212,129.9634972,1.016439253
MR441,P. blochii,07-04-18,2,199,185,167,F,3,0.813,2,0.004892079,5.293304825,5.117993812,160.3878594,1.041225942
MR442,P. blochii,07-04-17,2,200,182,155.6,F,3,0.81,2,0.005232896,5.298317367,5.047288612,162.722807,0.956227359
MR444,P. blochii,07-04-18,2,308,279,636.6,F,4,36.09,1,0.060098916,5.730099783,6.456141515,565.1272946,1.126471869
MR446,P. blochii,21-07-18,3,310,295,680,F,6,18.54,1,0.028028906,5.736572297,6.522092798,575.7732243,1.181020533
MR450,P. blochii,07-04-18,2,215,190,232.6,F,1,0.89,3,0.003841008,5.370638028,5.44932024,200.4526007,1.160374069
MR452,P. blochii,21-07-18,3,232,216,259.7,F,3,1.7,2,0.006589147,5.446737372,5.559527119,249.6357631,1.040315685
MR453,P. blochii,21-07-18,3,226,204,227,F,2,1.4,2,0.006205674,5.420534999,5.424950017,231.470145,0.980688028
MR458,P. blochii,29-12-17,4,173,158,115,F,1,0.385,1,0.003359072,5.153291594,4.744932128,107.1125767,1.073636762
MR461,P. blochii,21-07-18,3,212,193,207.5,F,2,2.519,1,0.012288944,5.356586275,5.33513134,192.4932218,1.077960034
MR462,P. blochii,21-07-18,3,207,189,184,F,3,2.47,1,0.013606566,5.332718793,5.214935758,179.6914778,1.023977332
MR468,P. blochii,21-07-18,3,182,167,117.8,F,1,0.495,3,0.004219769,5.204006687,4.768988271,123.979033,0.950160661
MR472,P. blochii,21-07-18,3,205,186,154.7,F,2,0.5,1,0.003242542,5.323009979,5.041487758,174.7308765,0.885361552
MR473,P. blochii,29-12-17,4,188,171,147,F,3,1.29,2,0.008853202,5.236441963,4.990432587,136.1335572,1.079821926
MR474,P. blochii,21-07-18,3,191,179,144,F,2,0.9,0,0.006289308,5.252273428,4.9698133,142.4918693,1.010583977
MR514,P. blochii,31-05-19,2,227,208,252,F,3,3.1,3,0.012454801,5.424950017,5.529429088,234.4356602,1.074921792
MR515,P. blochii,31-05-19,2,240,218,275,F,4,7.5,2,0.028037383,5.480638923,5.616771098,275.2706381,0.999016829
MR517,P. blochii,31-05-19,2,246,218,276,F,3,3.7,1,0.013587954,5.505331536,5.620400866,295.5841334,0.933744301
MR518,P. blochii,31-05-19,2,251,222,283,F,3,3.3,1,0.011798355,5.525452939,5.645446898,313.2406143,0.903458833
MR521,P. blochii,31-05-19,2,218,195,186.5,F,3,0.8,1,0.004308024,5.384495063,5.228431239,208.6239256,0.893953076
MR524,P. blochii,15-11-18,4,189,186,173,F,2,1,1,0.005813953,5.241747015,5.153291594,138.2319467,1.251519668
MR525,P. blochii,15-11-18,4,176,164,119,F,2,0.5,1,0.004219409,5.170483995,4.779123493,112.5562418,1.057249231
MR539,P. blochii,03-04-19,2,224,204,208,F,3,7.4,2,0.036889332,5.411646052,5.33753808,225.6128511,0.921933298
MR542,P. blochii,25-05-19,2,323,291,663.5,F,5,48,1,0.077985378,5.777652323,6.497528854,648.1772255,1.023639792
MR545,P. blochii,03-04-19,2,253,228,341,F,4,10.6,1,0.032082324,5.533389489,5.831882477,320.4915477,1.063990618
MR548,P. blochii,15-11-18,4,182,168,130.5,F,2,0.6,2,0.004618938,5.204006687,4.871373227,123.979033,1.052597337
MR549,P. blochii,15-11-18,4,199,186,151.5,F,2,1,1,0.006644518,5.293304825,5.020585625,160.3878594,0.944585211
MR551,P. blochii,15-11-18,4,181,167,128,F,2,0.6,2,0.004709576,5.198497031,4.852030264,122.0249953,1.048965416
MR556,P. blochii,15-11-18,4,241,220,295.5,F,2,2.5,3,0.008532423,5.484796933,5.688668837,278.5907815,1.060695542
MR559,P. blochii,15-11-18,4,256,235,347.5,F,3,2.4,1,0.006954506,5.545177444,5.850764665,331.5721171,1.048037462
MR560,P. blochii,15-11-18,4,213,193,201,F,2,1.4,2,0.007014028,5.361292166,5.303304908,195.1229598,1.030119675
MR563,P.blochii,23-12-19,4,175,155,103,F,2,0.45,0,0.004388103,5.164785974,4.634728988,110.7220859,0.930257041
MR564,P. Blochii,23-12-19,4,221,202,215,F,2,2.5,1,0.011764706,5.398162702,5.370638028,217.009807,0.990738635
MR568,P. blochii,23-12-19,4,196,177,140,F,2,1,1,0.007194245,5.278114659,4.941642423,153.5145929,0.911965419
MR569,P. blochii,23-12-19,4,221,206,218,F,4,6.81,0,0.032245845,5.398162702,5.384495063,217.009807,1.004562895
MR570,P. blochii,23-12-19,4,241,215,262,F,2,2.6,1,0.01002313,5.484796933,5.568344504,278.5907815,0.940447486
MR571,P. blochii,23-12-19,4,278,254,374,F,2,4.4,1,0.011904762,5.627621114,5.924255797,420.5501259,0.88931135
MR594,P. blochii,25-07-21,3,301,284,598.8,F,5,25.4,0,0.044297175,5.707110265,6.394927653,528.8807359,1.132202327
MR601,P. blochii,25-07-21,3,329,312,733.9,F,5,30.5,1,0.043360819,5.796057751,6.59837278,683.5053099,1.073729771
MR602,P. blochii,25-07-21,3,207,186,170.5,F,5,5.7,0,0.034587379,5.332718793,5.138735297,179.6914778,0.94884856
MR607,P. blochii,25-07-21,3,236,219,256.9,F,3,10,0,0.040502228,5.463831805,5.548686904,262.2486377,0.979604707
MR611,P. blochii,31-07-22,3,224,202,217.5,F,3,3.5,1,0.01635514,5.411646052,5.382198851,225.6128511,0.964040829
MR612,P. blochii,31-07-22,3,232,207,244,F,4,8.21,2,0.034819119,5.446737372,5.497168225,249.6357631,0.977424056
MR613,P. blochii,31-07-22,3,258,237,326.85,F,4,9.24,1,0.029092283,5.552959585,5.78950135,339.0963831,0.963885244
MR615,P. blochii,02-06-22,2,251,204,284.93,F,6,21.6,0,0.082026355,5.525452939,5.652243536,313.2406143,0.909620231
MR616,P. blochii,02-06-22,2,225,211,240,F,4,11.5,1,0.050328228,5.416100402,5.480638923,228.5292408,1.050193836
MR617,P. blochii,02-06-22,2,226,208,252,F,4,16.5,1,0.070063694,5.420534999,5.529429088,231.470145,1.088693317
MR618,P. blochii,02-06-22,2,239,190,271.33,F,,16.4,1,0.064331385,5.476463552,5.603335792,271.9764476,0.997623149
MR619,P. blochii,02-06-22,2,245,220,250,F,4,11,0,0.046025105,5.501258211,5.521460918,292.1327937,0.8557752
MR620,P. blochii,08-08-22,3,291,263,410.24,F,4,17.2,1,0.043761449,5.673323267,6.016742354,479.7865971,0.855046811
MR621,P. blochii,08-08-22,3,340,305,697,F,3,30.69,0,0.046059642,5.828945618,6.546785411,751.4941366,0.927485613
MR622,P. blochii,08-08-22,3,348,319,699.5,F,3,23,0,0.033998522,5.85220248,6.550365794,803.6166234,0.870439933
MR623,P. blochii,08-08-22,3,257,231,310.8,F,4,18.2,1,0.062200957,5.549076085,5.739149618,335.3204649,0.926874535
MR638,P. blochii,02-06-22,2,239,228,270.32,F,4,17.81,2,0.07053186,5.476463552,5.599606442,271.9764476,0.993909592
MR641,P. blochii,08-05-22,2,235,214,271.8,F,3,14.65,2,0.05697064,5.459585514,5.605066502,259.0573028,1.04918872
MR643,P. blochii,02-06-22,2,252,230,239,F,3,17.58,1,0.079396622,5.529429088,5.476463552,316.852533,0.754294112
MR644,P. blochii,08-05-22,2,251,230,340.85,F,4,33.85,1,0.110260586,5.525452939,5.831442498,313.2406143,1.088141143
MR647,P. blochii,02-06-22,2,232,204,256.25,F,4,12.7,1,0.05214535,5.446737372,5.54615353,249.6357631,1.02649555
MR649,P. blochii,05-08-22,3,264,216,383.9,F,2,23.7,2,0.06579678,5.575949103,5.950382102,362.3361726,1.059513317
MR649,P. blochii,08-05-22,2,264,216,383,F,2,23.7,2,0.065961592,5.575949103,5.948034989,362.3361726,1.057029435
MR650,P. blochii,08-05-22,2,269,244,282.5,F,1,8.34,1,0.030420193,5.59471138,5.643678551,382.4781944,0.738604198
MR652,P. blochii,08-05-22,2,262,238,363.7,F,3,6.73,0,0.018853125,5.568344504,5.896329352,354.4776537,1.026016721
MR653,P. blochii,02-06-22,2,251,230,330.93,F,5,16.4,2,0.05214129,5.525452939,5.801906873,313.2406143,1.056472197
MR655,P. blochii,17-05-23,2,318,293,653.3,F,4,64.5,1,0.109544837,5.762051383,6.482036442,619.6658324,1.054277912
MR657,P. blochii,17-05-23,2,242,220,266.5,F,4,12.6,0,0.049625837,5.488937726,5.585374244,281.9369733,0.945246722
MR659,P. blochii,12-08-23,3,272,248,342,F,4,9.7,1,0.029190491,5.605802066,5.834810737,394.9071072,0.86602645
MR661,P. blochii,06-08-23,3,295,267,439.3,F,4,14,1,0.03291794,5.686975356,6.085182551,499.0498018,0.880272867
MR662,P. blochii,12-08-23,3,281,263,413.3,F,3,13.7,1,0.034284284,5.638354669,6.024173722,433.7693091,0.95281061
MR663,P. blochii,12-08-23,3,251,228,292.1,F,3,5.6,2,0.019546248,5.525452939,5.677096209,313.2406143,0.932509983
MR666,P. blochii,24-03-23,1,285,259,410.6,F,3,8.85,1,0.022028625,5.65248918,6.017619505,451.8129839,0.908783091
MR667,P. blochii,24-03-23,1,262,237,346.8,F,4,9.2,2,0.027251185,5.568344504,5.848748245,354.4776537,0.978340937
MR669,P. blochii,24-03-23,1,276,257,388.4,F,3,6.5,1,0.017020162,5.620400866,5.962035736,411.88525,0.942981085
MR671,P. blochii,01-06-23,2,245,224,264.3,F,2,2.8,1,0.010707457,5.501258211,5.577084822,292.1327937,0.904725542
MR672,P. blochii,01-06-23,2,291,266,420.5,F,5,26,1,0.06590621,5.673323267,6.041444479,479.7865971,0.876431319
MR673,P. blochii,01-06-23,2,258,232,314,F,2,4,0,0.012903226,5.552959585,5.749392986,339.0963831,0.925990413
MR674,P. blochii,25-07-23,3,313,287,525,F,4,23.5,2,0.046859422,5.746203191,6.263398263,591.9863775,0.886844731
MR675,P. blochii,12-04-23,2,278,250,379,F,4,9.6,0,0.025988089,5.627621114,5.937536205,420.5501259,0.901200539
MR678,P. blochii,06-08-23,3,260,240,334.1,F,1,12.2,0,0.037899969,5.560681631,5.811440349,346.7313095,0.963570323
MR680,P. blochii,25-07-23,3,273,242,339.7,F,3,7.95,1,0.023963828,5.609471795,5.828062875,399.1079269,0.851148216
MR682,P. blochii,01-06-23,2,265,240,346.6,F,3,8.15,1,0.024080366,5.579729826,5.848171377,366.3077339,0.946198969
MR687,P. blochii,01-05-23,2,372,345,1095.5,F,4,86.7,1,0.085943695,5.918893854,6.998966159,974.0089037,1.124733045
MR688,P. blochii,17-05-23,2,334,301,763.6,F,5,55,,0.077617838,5.811140993,6.638044092,713.8875767,1.069636207
MR689,P. blochii,17-05-23,2,286,257,494.6,F,4,27.2,0,0.058194266,5.655991811,6.203749355,456.3991877,1.083700439
MR690,P. blochii,17-05-23,2,225,210,210.6,F,2,4.5,1,0.021834061,5.416100402,5.3499606,228.5292408,0.921545091
MR692,P. blochii,17-05-23,2,259,232,294.9,F,3,10.2,1,0.035827187,5.556828062,5.686636316,342.8999664,0.860017582
MR693,P. blochii,17-05-23,2,261,239,291.6,F,3,15.4,1,0.055756698,5.564520407,5.675383,350.5905071,0.831739577
MR697,P. blochii,25-07-23,3,353,320,797.1,F,4,46.9,0,0.062516662,5.866468057,6.680980141,837.3613774,0.951918755
MR698,P. blochii,17-05-23,2,302,278,568.1,F,4,47.8,1,0.091870075,5.710427017,6.34229746,533.9629688,1.063931458
MR699,P. blochii,01-05-23,2,410,390,1464.9,F,5,88.9,0,0.064607558,6.01615716,7.28954226,1289.319419,1.136180824
MR702,P. blochii,29-09-22,3,252,234,320.3,F,2,4.1,1,0.012966477,5.529429088,5.769258057,316.852533,1.010880352
MR716,P. blochii,24-03-23,1,316,287,591.5,F,2,10.15,,0.017459362,5.755742214,6.382661683,608.4948651,0.972070652
MR717,P. blochii,24-03-23,1,284,260,460,F,4,10.85,1,0.024156741,5.648974238,6.131226489,447.2569878,1.028491477
MR722,P. blochii,01-06-23,2,230,204,223.4,F,2,3.05,2,0.013841616,5.438079309,5.408963887,243.4808322,0.917526024
MR723,P. blochii,20-07-24,3,271,247,377,F,4,11.4,1,0.031181619,5.602118821,5.932245187,390.7352746,0.964847621
MR725,P. blochii,12-02-24,1,334,303,792,F,4,19,2,0.02457956,5.811140993,6.674561392,713.8875767,1.109418382
MR727,P. blochii,13-06-24,2,220,210,204,F,3,3.4,0,0.016949153,5.393627546,5.318119994,214.1905126,0.952423137
MR728,P. blochii,13-06-24,2,261,233,347,F,4,10.3,0,0.030591031,5.564520407,5.84932478,350.5905071,0.989758687
MR729,P. blochii,13-06-24,2,265,237,326,F,4,11.7,1,0.037225581,5.579729826,5.786897381,366.3077339,0.8899621
MR730,P. blochii,13-06-24,2,210,190,174,F,4,10.5,1,0.064220183,5.347107531,5.159055299,187.3034259,0.928973932
MR731,P. blochii,05-01-24,1,220,203,207,F,2,2.52,1,0.012323944,5.393627546,5.332718793,214.1905126,0.96642936
MR732,P. blochii,05-01-24,1,228,213,212,F,2,25,0,0.13368984,5.429345629,5.356586275,237.4258823,0.892910233
MR733,P. blochii,05-01-24,1,225,207,211,F,4,2.57,1,0.012330279,5.416100402,5.351858133,228.5292408,0.923295414
MR739,P. blochii,22-07-24,3,252,231,305,F,4,8,1,0.026936027,5.529429088,5.720311777,316.852533,0.962592904
MR740,P. blochii,13-06-24,2,231,207,238,F,3,2.57,0,0.010916196,5.442417711,5.472270674,246.545752,0.965338068
MR741,P. blochii,13-06-24,2,188,174,138,F,3,2.49,0,0.018375028,5.236441963,4.927253685,136.1335572,1.01371038
MR742,P. blochii,13-06-24,2,203,182,152,F,4,2.65,0,0.017743555,5.313205979,5.023880521,169.8605924,0.894851465
MR743,P. blochii,20-07-24,3,180,167,129,F,5,8.2,1,0.067880795,5.192956851,4.859812404,120.091185,1.074183755
MR744,P. blochii,20-06-24,2,209,,175,F,3,2.3,0,0.013317892,5.342334252,5.164785974,184.7431742,0.947260979
MR745,P. blochii,20-06-24,2,201,180,151,F,3,5,0,0.034246575,5.303304908,5.017279837,165.0798466,0.91470887
MR746,P. blochii,08-11-24,4,303,279,542,F,3,18.2,1,0.034746086,5.713732806,6.295266001,539.0769957,1.005422239
MR749,P. blochii,05-01-24,1,254,234,307,F,7,3,1,0.009868421,5.537334267,5.726847748,324.1577534,0.947069742
MR750,P. blochii,05-01-24,1,222,205,235,F,2,3.3,1,0.014242555,5.402677382,5.459585514,219.8532306,1.068894914
MR751,P. blochii,05-01-24,1,240,224,238,F,2,3,1,0.012765957,5.480638923,5.472270674,275.2706381,0.864603656
MR755,P. blochii,27-09-23,3,284,259,363,F,2,3.24,0,0.009006004,5.648974238,5.894402834,447.2569878,0.811613926
MR756,P. blochii,27-09-23,3,293,263,396,F,3,7.51,1,0.019331257,5.680172609,5.981414211,489.3562884,0.809226344
MR761,P. blochii,01-04-24,2,233,210,191,F,2,2.3,0,0.012188659,5.451038454,5.252273428,252.7509613,0.755684564
MR762,P. blochii,01-04-24,2,252,231,298,F,5,23.2,0,0.084425036,5.529429088,5.697093487,316.852533,0.940500608
MR764,P. blochii,01-04-24,2,186,170,110,F,5,3.24,1,0.030348445,5.225746674,4.700480366,131.9994308,0.833336926
MR765,P. blochii,01-04-24,2,212,190,161,F,2,2.1,1,0.013215859,5.356586275,5.081404365,192.4932218,0.836393087
MR767,P. blochii,21-04-24,2,341,310,732,F,4,34.9,1,0.050064553,5.831882477,6.595780514,757.8849231,0.96584584
MR769,P. blochii,01-04-24,2,190,188,130,F,1,1.5,,0.011673152,5.247024072,4.86753445,140.3513513,0.926246871
MR772,P. blochii,12-02-24,1,330,318,680,F,2,9.7,0,0.014471132,5.799092654,6.522092798,689.5128101,0.986203577
MR046,P. blochii,29-07-12,3,233,211,226,H,2,2,0,0.008928571,5.451038454,5.420534999,252.7509613,0.894160793
MR258,P. blochii,26-07-14,3,179,164,116,H,"M3, F2","0,29; 0,14",2,#VALUE!,5.187385806,4.753590191,118.1775033,0.981574299
MR257,P. blochii,26-07-14,3,126,116,39.5,J,1,0,1,0,4.836281907,3.676300672,42.94042268,0.919879161
MR310,P. blochii,18-03-16,1,149,128,63,J,1,0.4,1,0.006389776,5.003946306,4.143134726,69.63433114,0.904726145
MR329,P. blochii,22-06-16,2,150,135,65,J,1,0.2,2,0.00308642,5.010635294,4.17438727,70.9904073,0.915616665
MR352,P. blochii,18-03-16,1,155,149,83.5,J,1,0.2,2,0.00240096,5.043425117,4.424846632,78.02981843,1.070103733
MR406,P. blochii,15-02-17,1,157,137,74.5,J,1,0.2,1,0.00269179,5.056245805,4.310799125,80.96834338,0.920112687
MR410,P. blochii,26-10-16,4,160,144,79,J,1,0.1,1,0.001267427,5.075173815,4.369447852,85.51017213,0.923866694
MR420,P. blochii,06-12-16,4,180,172,127,J,1,0.1,2,0.000788022,5.192956851,4.844187086,120.091185,1.057529743
MR475,P. blochii,29-12-17,4,166,150,81,J,-,0,1,0,5.111987788,4.394449155,95.08629721,0.851857758
MR476,P. blochii,29-12-17,4,184,166,181,J,-,0,0,0,5.214935758,5.198497031,127.9481854,1.414635147
MR478,P. blochii,29-12-17,4,181,138,168,J,-,0,0,0,5.198497031,5.123963979,122.0249953,1.376767109
MR537,P. blochii,03-04-19,2,145,134,56.5,J,1,0.01,0,0.000177022,4.976733742,4.034240638,64.37934907,0.877610613
MR033,P. blochii,29-07-12,3,240,220,286,M,6,21.2,0,0.080060423,5.480638923,5.655991811,275.2706381,1.038977502
MR034,P. blochii,18-07-12,3,249,226,284,M,2,0.6,0,0.002117149,5.517452896,5.648974238,306.0976847,0.92780839
MR045,P. blochii,29-07-12,3,226,204,223,M,3,1.1,0,0.004957188,5.420534999,5.407171771,231.470145,0.963407181
MR056,P. blochii,15-09-12,3,245,223,245,M,1,0.4,0,0.001635323,5.501258211,5.501258211,292.1327937,0.838659696
MR063,P. blochii,12-08-12,3,219,197,200,M,4,6.3,0,0.032524522,5.38907173,5.298317367,211.395251,0.946095047
MR158,P. blochii,24-07-13,3,241,224,287.2,M,4,20.7,2,0.077673546,5.484796933,5.660178837,278.5907815,1.03090274
MR160,P. blochii,24-07-13,3,171,156,103.2,M,1,0.1,1,0.000969932,5.141663557,4.636668853,103.5808096,0.996323551
MR165,P. blochii,16-07-13,3,225,200,227,M,4,4.9,1,0.022062134,5.416100402,5.424950017,228.5292408,0.993308337
MR166,P. blochii,16-07-13,3,210,189,200.6,M,3,2.2,1,0.01108871,5.347107531,5.301312876,187.3034259,1.070989487
MR167,P. blochii,16-07-13,3,264,238,363.8,M,6,38.7,1,0.119040295,5.575949103,5.896604266,362.3361726,1.00403997
MR171,P. blochii,16-07-13,3,202,186,190.1,M,4,7.6,1,0.041643836,5.308267697,5.247550249,167.459076,1.135202729
MR178,P. blochii,19-05-13,2,216,195,190.9,M,5,13.8,0,0.077922078,5.375278408,5.251749731,203.1526971,0.939687254
MR180,P. blochii,29-05-13,2,231,215,248.9,M,5,23.4,1,0.103769401,5.442417711,5.517051209,246.545752,1.009548929
MR181,P. blochii,13-09-13,3,252,235,339,M,4,12.2,1,0.037331701,5.529429088,5.826000107,316.852533,1.069898343
MR187,P. blochii,13-09-13,3,256,235,319,M,4,9.3,0,0.03002906,5.545177444,5.765191103,331.5721171,0.96208331
MR190,P. blochii,26-08-13,3,271,246,410.4,M,4,16.3,0,0.041360061,5.602118821,6.017132294,390.7352746,1.050327489
MR194,P. blochii,26-08-13,3,251,225,284,M,3,14.6,0,0.054194506,5.525452939,5.648974238,313.2406143,0.906651268
MR196,P. blochii,26-08-13,3,290,266,489,M,4,31.9,2,0.069787793,5.669880923,6.192362489,475.0479514,1.029369769
MR197,P. blochii,26-08-13,3,253,230,284.1,M,3,17.2,0,0.064443612,5.533389489,5.649326289,320.4915477,0.886450835
MR199,P. blochii,26-08-13,3,265,240,352,M,4,19.6,1,0.058965102,5.579729826,5.863631176,366.3077339,0.960940672
MR203,P. blochii,13-09-15,3,225,207,227.8,M,4,11.8,0,0.05462963,5.416100402,5.428468051,228.5292408,0.996808983
MR204,P. blochii,13-09-15,3,269,245,360.9,M,3,3.3,1,0.009228188,5.59471138,5.888600912,382.4781944,0.943583204
MR205,P. blochii,26-08-13,3,246,229,284.9,M,3,14.8,0,0.054794521,5.505331536,5.652138242,295.5841334,0.963854172
MR207,P. blochii,26-08-13,3,260,239,346.6,M,5,17.4,0,0.052855407,5.560681631,5.848171377,346.7313095,0.999621293
MR208,P. blochii,26-08-13,3,275,252,407.2,M,3,30.1,0,0.079819676,5.616771098,6.009304465,407.5969043,0.999026233
MR210,P. blochii,13-09-13,3,254,234,301.1,M,2,2.6,0,0.008710218,5.537334267,5.707442435,324.1577534,0.928868728
MR212,P. blochii,13-09-13,3,251,210,310.4,M,5,16.9,0,0.05758092,5.525452939,5.737861788,313.2406143,0.990931526
MR213,P. blochii,13-09-13,3,288,262,444.5,M,5,29.7,0,0.071600771,5.66296048,6.096950055,465.6625927,0.954553806
MR215,P. blochii,13-09-13,3,223,221,239.9,M,4,8.1,0,0.034943917,5.407171771,5.48022217,222.7208798,1.077132958
MR223,P. blochii,24-07-13,3,251,230,304.2,M,4,9.6,0,0.032586558,5.525452939,5.71768538,313.2406143,0.971138435
MR224,P. blochii,30-09-13,3,239,227,334.4,M,4,12.2,0,0.03786468,5.476463552,5.812337881,271.9764476,1.229518229
MR229,P. blochii,30-09-13,3,248,230,314.7,M,4,15.1,0,0.050400534,5.513428746,5.751619804,302.5664836,1.040101984
MR236,P. blochii,22-07-13,3,217,194,194,M,1,0.1,0,0.00051573,5.379897354,5.267858159,205.8764398,0.942312778
MR239,P. blochii,24-07-13,3,229,204,238.6,M,4,5.5,2,0.023595024,5.433722004,5.47478851,240.4409076,0.992343617
MR239,P. blochii,24-07-13,3,231,209,245,M,4,13,0,0.056034483,5.442417711,5.501258211,246.545752,0.993730364
MR248,P. blochii,29-04-13,2,258,235,350.5,M,5,25,1,0.076804916,5.552959585,5.859360706,339.0963831,1.033629426
MR249,P. blochii,16-07-15,3,270,250,384.5,M,5,3.15,2,0.008260128,5.598421959,5.951943789,386.5923351,0.994587748
MR252,P. blochii,26-07-15,3,185,175,127,M,1,0.55,2,0.004349545,5.220355825,4.844187086,129.9634972,0.977197465
MR254,P. blochii,26-07-15,3,186,173,129.2,M,2,0.14,1,0.001084767,5.225746674,4.861361591,131.9994308,0.978792099
MR255,P. blochii,26-07-15,3,188,164,146,M,2,0.23,2,0.001577828,5.236441963,4.983606622,136.1335572,1.072476199
MR255,P. blochii,23-05-14,2,260,245,317.5,M,5,25.9,2,0.088820302,5.560681631,5.760477818,346.7313095,0.915694635
MR256,P. blochii,23-05-14,2,295,268,530,M,5,49.5,0,0.10301769,5.686975356,6.272877007,499.0498018,1.062018256
MR257,P. blochii,23-05-14,2,238,222,310.5,M,4,23,1,0.08,5.472270674,5.738183901,268.7081144,1.15552893
MR259,P. blochii,23-05-14,2,246,238,333.5,M,4,27.5,2,0.089869281,5.505331536,5.809642865,295.5841334,1.128274364
MR260,P. blochii,23-05-14,2,251,232,329.5,M,4,28,1,0.092868988,5.525452939,5.797576354,313.2406143,1.051907016
MR261,P. blochii,16-05-14,2,250,205,304.43,M,5,17.87,1,0.062360413,5.521460918,5.718441176,309.6556965,0.983124171
MR263,P. blochii,29-04-14,2,234,219,281,M,2,1.5,2,0.005366726,5.455321115,5.638354669,255.8914426,1.098121911
MR264,P. blochii,13-01-14,1,208,187,269,M,2,0.5,3,0.001862197,5.33753808,5.59471138,182.2058905,1.47635183
MR265,P. blochii,26-07-14,3,190,160,126.5,M,2,0.08,2,0.000632811,5.247024072,4.840242308,140.3513513,0.901309455
MR265,P. blochii,13-01-14,1,225,210,261,M,2,0.4,1,0.001534919,5.416100402,5.564520407,228.5292408,1.142085797
MR266,P. blochii,23-01-14,1,320,285,646,M,4,1.32,2,0.002047527,5.768320996,6.470799504,630.9699101,1.023820613
MR267,P. blochii,23-01-14,1,180,172,158,M,1,0.34,2,0.002156539,5.192956851,5.062595033,120.091185,1.315666924
MR269,P. blochii,26-07-15,3,165,146,83,M,1,0.2,1,0.002415459,5.105945474,4.418840608,93.44401078,0.888232422
MR271,P. blochii,29-03-14,1,216,209,228,M,4,18,1,0.085714286,5.375278408,5.429345629,203.1526971,1.122308506
MR272,P. blochii,26-07-15,3,177,168,127,M,1,0.33,2,0.002605195,5.176149733,4.844187086,114.4101306,1.110041561
MR274,P. blochii,26-07-15,3,196,176,153.56,M,1,0.14,2,0.000912528,5.278114659,5.03409137,153.5145929,1.000295783
MR275,P. blochii,29-03-14,1,275,250,372,M,5,23,2,0.065902579,5.616771098,5.918893854,407.5969043,0.912666402
MR276,P. blochii,29-03-14,1,257,214,311,M,5,17,2,0.057823129,5.549076085,5.739792912,335.3204649,0.927470979
MR277,P. blochii,26-07-15,3,185,165,135.5,M,2,0.25,3,0.001848429,5.220355825,4.90897164,129.9634972,1.042600445
MR278,P. blochii,27-07-15,3,180,162,122,M,2,2.8,2,0.023489933,5.192956851,4.804021045,120.091185,1.015894714
MR279,P. blochii,26-07-15,3,232,218,305.8,M,5,15,1,0.051581843,5.446737372,5.722931293,249.6357631,1.224984739
MR280,P. blochii,26-07-15,3,187,,134.5,M,7,0.19,3,0.001414638,5.231108617,4.901564199,134.0560847,1.003311415
MR281,P. blochii,29-04-14,2,232,191,355,M,4,23.6,2,0.071213036,5.446737372,5.872117789,249.6357631,1.422071884
MR282,P. blochii,26-07-15,3,255,233,326,M,4,23.06,0,0.076120684,5.541263545,5.786897381,327.8512449,0.9943534
MR284,P. blochii,16-06-14,2,248,220,324.5,M,4,23,1,0.07628524,5.513428746,5.782285536,302.5664836,1.07249156
MR285,P. blochii,16-06-14,2,272,254,379,M,4,28.5,0,0.081312411,5.605802066,5.937536205,394.9071072,0.95971937
MR286,P. blochii,26-07-15,3,177,162,111.5,M,2,1.9,2,0.017335766,5.176149733,4.714024591,114.4101306,0.974564048
MR287,P. blochii,16-07-15,3,184,175,123,M,1,0.06,2,0.000488043,5.214935758,4.812184355,127.9481854,0.961326647
MR287,P. blochii,16-06-14,2,246,226,332.9,M,4,24.8,1,0.080493346,5.505331536,5.807842145,295.5841334,1.126244485
MR288,P. blochii,26-07-15,3,172,147,95.2,M,1,0.11,3,0.001156799,5.147494477,4.555979942,105.337025,0.903765794
MR289,P. blochii,26-07-15,3,172,158,119.6,M,2,0.19,3,0.001591157,5.147494477,4.784152842,105.337025,1.135403245
MR289,P. blochii,23-01-14,1,251,230,349,M,1,0.1,1,0.000286615,5.525452939,5.855071922,313.2406143,1.11415948
MR292,P. blochii,26-07-15,3,174,161,120,M,2,0.15,1,0.001251564,5.159055299,4.787491743,108.9075639,1.101851843
MR293,P. blochii,26-07-15,3,162,148,84.5,M,1,0.15,2,0.001778305,5.087596335,4.436751534,88.62858857,0.953416966
MR293,P. blochii,16-06-14,2,265,245,342,M,4,20.9,1,0.065088757,5.579729826,5.834810737,366.3077339,0.933641221
MR295,P. blochii,16-05-14,2,250,205,370.5,M,4,22.5,1,0.064655172,5.521460918,5.914853445,309.6556965,1.19649018
MR296,P. blochii,29-04-14,2,212,195,195.2,M,7,4,1,0.020920502,5.356586275,5.274024674,192.4932218,1.014061681
MR311,P. blochii,18-03-16,1,273,249,415,M,4,29.5,2,0.076523995,5.609471795,6.02827852,399.1079269,1.039818986
MR316,P. blochii,30-05-16,2,225,208,233,M,5,10,0,0.044843049,5.416100402,5.451038454,228.5292408,1.019563182
MR317,P. blochii,30-05-16,2,215,197,189,M,4,4.5,1,0.024390244,5.370638028,5.241747015,200.4526007,0.94286629
MR317,P. blochii,18-03-16,1,261,240,380,M,4,15,2,0.04109589,5.564520407,5.940171253,350.5905071,1.083885594
MR318,P. blochii,30-05-16,2,193,169,146,M,2,0,0,0,5.262690189,4.983606622,146.836638,0.994302253
MR320,P. blochii,22-06-16,2,298,261,492,M,4,38.5,1,0.084895259,5.697093487,6.198478716,513.823871,0.957526553
MR321,P. blochii,22-06-16,2,228,222,243,M,3,0.5,1,0.002061856,5.429345629,5.493061443,237.4258823,1.023477296
MR323,P. blochii,19-04-15,2,280,246,437,M,5,21.5,1,0.051744886,5.634789603,6.079933195,429.3332069,1.017857442
MR331,P. blochii,22-06-16,2,165,150,93,M,1,0,2,0,5.105945474,4.532599493,93.44401078,0.995248376
MR335,P. blochii,19-04-15,2,288,276,534,M,4,32,2,0.06374502,5.66296048,6.280395839,465.6625927,1.146753053
MR337,P. blochii,30-05-16,2,257,238,327,M,4,14.5,1,0.0464,5.549076085,5.789960171,335.3204649,0.975186528
MR338,P. blochii,30-05-16,2,213,171,177,M,2,0,1,0,5.361292166,5.176149733,195.1229598,0.907120311
MR339,P. blochii,30-05-16,2,201,185,184,M,3,2.5,1,0.013774105,5.303304908,5.214935758,165.0798466,1.114612133
MR344,P. blochii,30-09-13,3,275,253,535,M,5,53,0,0.109958506,5.616771098,6.282266747,407.5969043,1.312571304
MR349,P. blochii,27-04-16,2,250,208,329,M,5,9.5,2,0.029733959,5.521460918,5.796057751,309.6556965,1.062470362
MR353,P. blochii,18-03-16,1,140,131,57,M,1,0,1,0,4.941642423,4.043051268,58.18400504,0.979650678
MR354,P. blochii,27-04-16,2,210,200,211,M,2,0,2,0,5.347107531,5.351858133,187.3034259,1.126514365
MR357,P. blochii,27-04-16,2,223,209,255,M,4,1.5,2,0.00591716,5.407171771,5.541263545,222.7208798,1.144930822
MR360,P. blochii,18-03-16,1,208,174,216,M,1,0.1,3,0.000463177,5.33753808,5.375278408,182.2058905,1.185472102
MR361,P. blochii,22-06-16,2,284,260,420,M,3,8,1,0.019417476,5.648974238,6.040254711,447.2569878,0.939057435
MR362,P. blochii,22-06-16,2,280,260,433.5,M,5,28,1,0.069050555,5.634789603,6.071891796,429.3332069,1.009705266
MR363,P. blochii,22-06-16,2,176,161,104,M,2,0,1,0,5.170483995,4.644390899,112.5562418,0.923982521
MR364,P. blochii,22-06-16,2,165,155,100,M,2,0,2,0,5.105945474,4.605170186,93.44401078,1.070159544
MR365,P. blochii,18-03-16,1,258,237,350,M,2,1.5,1,0.004304161,5.552959585,5.857933154,339.0963831,1.032154919
MR369,P. blochii,27-04-16,2,223,204,225,M,2,2.5,1,0.011235955,5.407171771,5.416100402,222.7208798,1.010233078
MR370,P. blochii,27-04-16,2,198,182,165,M,1,0.05,2,0.000303122,5.288267031,5.105945474,158.0749063,1.043808937
MR371,P. blochii,27-04-16,2,218,200,233,M,2,0,2,0,5.384495063,5.451038454,208.6239256,1.116842181
MR374,P. blochii,27-04-16,2,237,214,238,M,3,4,0,0.017094017,5.468060141,5.472270674,265.465543,0.8965382
MR378,P. blochii,21-03-17,1,305,278,446.5,M,3,3.1,0,0.00699143,5.720311777,6.1014394,549.4008037,0.81270358
MR380,P. blochii,21-03-17,1,280,257,396.2,M,3,3.1,1,0.007886034,5.634789603,5.981919134,429.3332069,0.922826359
MR382,P. blochii,18-12-16,4,247,225,253,M,3,2.8,1,0.011191047,5.509388337,5.533389489,299.0619983,0.845978431
MR384,P. blochii,21-03-17,1,294,266,467.5,M,3,7,2,0.015200869,5.683579767,6.147399349,494.1875207,0.945997178
MR385,P. blochii,21-03-17,1,264,244,343.4,M,5,2.4,1,0.007038123,5.575949103,5.838895948,362.3361726,0.947738664
MR386,P. blochii,21-03-17,1,230,200,249,M,3,1.9,1,0.007689195,5.438079309,5.517452896,243.4808322,1.022667771
MR387,P. blochii,15-02-17,1,241,217,275,M,1,0.05,2,0.000181851,5.484796933,5.616771098,278.5907815,0.987110911
MR390,P. blochii,06-07-17,3,276,254,395,M,6,29.5,1,0.080711354,5.620400866,5.978885765,411.88525,0.959004965
MR395,P. blochii,18-12-16,4,265,250,400,M,2,5.6,1,0.014198783,5.579729826,5.991464547,366.3077339,1.091978037
MR397,P. blochii,21-03-17,1,277,235,398.5,M,5,10.8,1,0.02785659,5.624017506,5.987707498,416.2029593,0.957465561
MR403,P. blochii,01-05-15,2,272,260,439,M,5,21.7,1,0.052000959,5.605802066,6.084499413,394.9071072,1.111653835
MR411,P. blochii,26-10-16,4,223,201,229,M,1,0.3,2,0.001311762,5.407171771,5.433722004,222.7208798,1.028192777
MR416,P. blochii,06-07-17,3,204,186,171,M,3,0.8,1,0.004700353,5.318119994,5.141663557,172.2844935,0.992544346
MR419,P. blochii,21-03-17,1,243,217,243.6,M,4,1.7,0,0.007027697,5.493061443,5.495527536,285.3093091,0.853810206
MR422,P. blochii,15-02-17,1,213,195,136,M,2,0.5,0,0.003690037,5.361292166,4.912654886,195.1229598,0.696996397
MR430,P. blochii,29-01-17,1,197,179,146.6,M,2,0.218,1,0.001489254,5.283203729,4.987707789,155.7838501,0.941047483
MR432,P. blochii,29-12-17,4,180,160,109.6,M,1,0.261,2,0.002387071,5.192956851,4.696837375,120.091185,0.912639841
MR434,P. blochii,29-12-17,4,210,189,158.2,M,2,0.146,2,0.000923735,5.347107531,5.063860055,187.3034259,0.844618827
MR435,P. blochii,29-12-17,4,293,266,486.8,M,3,1.55,2,0.00319423,5.680172609,6.187853361,489.3562884,0.994776223
MR437,P. blochii,29-12-17,4,209,193,211,M,2,0.1,2,0.000474158,5.342334252,5.351858133,184.7431742,1.142126094
MR439,P. blochii,07-04-18,2,193,179,141.8,M,3,0.837,1,0.005937728,5.262690189,4.954417614,146.836638,0.965699038
MR440,P. blochii,07-04-18,2,207,191,172,M,4,0.36,1,0.002097413,5.332718793,5.147494477,179.6914778,0.957196201
MR443,P. blochii,07-04-18,2,172,160,110,M,2,0.204,2,0.001857991,5.147494477,4.700480366,105.337025,1.044267198
MR445,P. blochii,29-12-17,4,292,263,488.3,M,3,2.101,2,0.004321276,5.676753802,6.190929971,484.5560116,1.007726637
MR447,P. blochii,07-04-18,2,260,240,369.3,M,2,1.925,3,0.005239878,5.560681631,5.911609322,346.7313095,1.065089855
MR448,P. blochii,21-07-18,3,286,259,481,M,4,2.002,2,0.004179558,5.655991811,6.17586727,456.3991877,1.053901963
MR451,P. blochii,21-07-18,3,234,213,240.7,M,2,0.636,0,0.002649294,5.455321115,5.483551345,255.8914426,0.940633253
MR455,P. blochii,21-07-18,3,202,184,173.5,M,3,0.681,1,0.003940539,5.308267697,5.156177599,167.459076,1.036074032
MR456,P. blochii,29-12-17,4,210,180,203,M,2,0.3,2,0.00148002,5.347107531,5.313205979,187.3034259,1.08380292
MR457,P. blochii,21-07-18,3,241,217,268,M,6,18,0,0.072,5.484796933,5.590986981,278.5907815,0.961984451
MR459,P. blochii,21-07-18,3,265,242,386.6,M,2,1.5,2,0.003895092,5.579729826,5.957390567,366.3077339,1.055396772
MR460,P. blochii,21-07-18,3,220,200,202.6,M,3,0.87,1,0.004312695,5.393627546,5.311233592,214.1905126,0.9458869
MR463,P. blochii,21-07-18,3,170,160,105.4,M,2,0.768,1,0.007340011,5.135798437,4.657762636,101.8438311,1.034917862
MR464,P. blochii,21-07-18,3,221,202,235,M,2,0.6,3,0.002559727,5.398162702,5.459585514,217.009807,1.082900369
MR465,P. blochii,21-07-18,3,213,189,186.4,M,3,0.382,0,0.002053565,5.361292166,5.227894902,195.1229598,0.955295062
MR469,P. blochii,21-07-18,3,196,179,149.3,M,1,0.06,1,0.000402037,5.278114659,5.005957705,153.5145929,0.972545978
MR470,P. blochii,21-07-18,3,210,190,186.2,M,3,0.6,0,0.003232759,5.347107531,5.226821365,187.3034259,0.994108885
MR471,P. blochii,21-07-18,3,197,154,146.4,M,2,0.09,2,0.000615132,5.283203729,4.986342602,155.7838501,0.939763653
MR477,P. blochii,29-12-17,4,185,142,136,M,2,0,1,0,5.220355825,4.912654886,129.9634972,1.046447679
MR512,P. blochii,31-05-18,2,246,224,319.5,M,3,0.7,2,0.002195734,5.505331536,5.766757274,295.5841334,1.080910522
MR513,P. blochii,31-05-19,2,241,221.8,289.5,M,3,1.7,1,0.00590688,5.484796933,5.668155297,278.5907815,1.039158577
MR516,P. blochii,31-05-19,2,255,233,367.5,M,3,1.2,1,0.003276003,5.541263545,5.906723319,327.8512449,1.120935198
MR519,P. blochii,31-05-19,2,247,209,329.5,M,3,0.5,2,0.001519757,5.509388337,5.797576354,299.0619983,1.101778233
MR520,P. blochii,31-05-19,2,211,190,190.5,M,3,2.9,2,0.015458422,5.351858133,5.249652195,189.8867428,1.003229595
MR522,P. blochii,31-05-19,2,210,190,176,M,3,0.7,1,0.003993155,5.347107531,5.170483995,187.3034259,0.939651793
MR523,P. blochii,15-11-18,4,309,278,678.5,M,4,10.1,2,0.015110712,5.733341277,6.519884479,570.4340373,1.189445152
MR527,P. blochii,15-11-18,4,180,165,119,M,2,0.7,1,0.00591716,5.192956851,4.779123493,120.091185,0.990913696
MR531,P. blochii,03-04-19,2,298,269,512,M,5,43.7,0,0.09331625,5.697093487,6.238324625,513.823871,0.996450396
MR532,P. blochii,03-04-19,2,199,180,168.5,M,3,0.3,2,0.001783591,5.293304825,5.12693575,160.3878594,1.050578271
MR538,P. blochii,03-04-19,2,244,222,270,M,5,10.2,0,0.03926097,5.497168225,5.598421959,288.7078841,0.93520134
MR543,P. blochii,25-05-19,2,283,257,480.5,M,4,22.9,2,0.050043706,5.645446898,6.174827228,442.7311058,1.085308879
MR547,P. blochii,15-11-18,4,174,160,132,M,3,1.1,3,0.008403361,5.159055299,4.882801923,108.9075639,1.212037027
MR550,P. blochii,15-11-18,4,205,175,165.5,M,2,0.1,2,0.000604595,5.323009979,5.108971195,174.7308765,0.947170891
MR552,P. blochii,23-02-19,1,240,217,237,M,3,4.1,3,0.017604122,5.480638923,5.468060141,275.2706381,0.860970867
MR553,P. blochii,23-03-19,1,291,262,492,M,2,9.5,3,0.019689119,5.673323267,6.198478716,479.7865971,1.025455907
MR555,P. blochii,15-11-18,4,218,193,201.5,M,1,0.4,0,0.00198906,5.384495063,5.305789381,208.6239256,0.965852787
MR557,P. blochii,15-11-18,4,225,212,258,M,2,1.6,2,0.00624025,5.416100402,5.552959585,228.5292408,1.128958374
MR558,P. blochii,15-11-18,4,199,176,149,M,1,0,3,0,5.293304825,5.003946306,160.3878594,0.928997996
MR565,P. blochii,23-12-19,4,186,170,113,M,2,0.6,1,0.005338078,5.225746674,4.727387819,131.9994308,0.856064297
MR592,P. blochii,25-07-21,3,199,186,155.2,M,4,3.4,0,0.022397892,5.293304825,5.044714608,160.3878594,0.967654289
MR593,P. blochii,25-07-21,3,225,211,244.7,M,4,3.5,1,0.014510779,5.416100402,5.50003297,228.5292408,1.070760132
MR600,P. blochii,25-07-21,3,281,262,424,M,,4.4,0,0.010486177,5.638354669,6.049733455,433.7693091,0.9774781
MR603,P. blochii,25-07-21,3,255,229,276.5,M,4,4.6,1,0.016917985,5.541263545,5.622210821,327.8512449,0.843370292
MR605,P. blochii,25-07-21,3,270,242,379.9,M,4,6.7,1,0.01795284,5.598421959,5.93990806,386.5923351,0.982688909
MR606,P. blochii,25-07-21,3,221,205,200.1,M,4,5.8,0,0.029850746,5.398162702,5.298817242,217.009807,0.922078144
MR608,P. blochii,25-07-21,3,263,245,359,M,4,6.8,1,0.019307212,5.572154032,5.883322388,358.3928441,1.001694107
MR609,P. blochii,25-07-21,3,256,239,318,M,4,6.4,1,0.020539153,5.545177444,5.762051383,331.5721171,0.959067375
MR614,P. blochii,31-07-22,3,241,218,234.5,M,4,5,0,0.021786492,5.484796933,5.457455588,278.5907815,0.841736395
MR624,P. blochii,08-05-22,2,241,216,281,M,4,16.21,1,0.061218324,5.484796933,5.638354669,278.5907815,1.008647876
MR625,P. blochii,08-05-22,2,253,226,328,M,5,16.1,2,0.051619109,5.533389489,5.793013608,320.4915477,1.023427926
MR626,P. blochii,08-05-22,2,283,250,474.4,M,4,4.25,2,0.009039668,5.645446898,6.162050848,442.7311058,1.071530764
MR627,P. blochii,08-05-22,2,222,202,226.45,M,4,17.14,1,0.081888109,5.402677382,5.42252417,219.8532306,1.030005333
MR628,P. blochii,08-05-22,2,273,247,444,M,5,33.15,2,0.080686382,5.609471795,6.095824562,399.1079269,1.112481036
MR629,P. blochii,08-05-22,2,322,299,720.5,M,5,34.55,0,0.050368103,5.774551546,6.579945415,642.4078374,1.121561659
MR630,P. blochii,02-06-22,2,284,262,437,M,4,16.9,0,0.040228517,5.648974238,6.079933195,447.2569878,0.977066903
MR631,P. blochii,07-07-22,3,307,277,549,M,5,21.19,1,0.040147023,5.726847748,6.308098442,559.8529033,0.980614724
MR632,P. blochii,08-05-22,2,263,234,345.5,M,3,20.2,0,0.062096526,5.572154032,5.844992643,358.3928441,0.964025945
MR633,P. blochii,08-05-22,2,296,257,523.3,M,3,29.62,2,0.05999838,5.690359454,6.260154913,503.9432251,1.038410626
MR636,P. blochii,08-08-22,3,330,298,593.21,M,4,8.43,2,0.014415678,5.799092654,6.385548468,689.5128101,0.860332094
MR637,P. blochii,02-06-22,2,247,224,250.05,M,3,5.2,1,0.021237492,5.509388337,5.521660898,299.0619983,0.836114255
MR639,P. blochii,02-06-22,2,229,206,242.64,M,4,13.28,2,0.057900244,5.433722004,5.491578863,240.4409076,1.009146082
MR642,P. blochii,08-05-22,2,243,220,297.5,M,5,23.55,1,0.085964592,5.493061443,5.695414225,285.3093091,1.042727982
MR645,P. blochii,08-05-22,2,243,220,296,M,4,17.87,2,0.06425053,5.493061443,5.690359454,285.3093091,1.03747053
MR646,P. blochii,02-06-22,2,249,228,345.8,M,5,34.25,2,0.1099342,5.517452896,5.845860573,306.0976847,1.129704723
MR648,P. blochii,02-06-22,2,251,226,296,M,4,15.7,0,0.056011416,5.525452939,5.690359454,313.2406143,0.944960476
MR651,P. blochii,08-05-22,2,255,232,341.97,M,3,29.37,1,0.093953935,5.541263545,5.834723014,327.8512449,1.043064516
MR654,P. blochii,17-05-23,2,239,215,255.4,M,5,10.8,0,0.04415372,5.476463552,5.542830944,271.9764476,0.939051901
MR656,P. blochii,17-05-23,2,255,232,286.6,M,3,1.3,1,0.004556607,5.541263545,5.658087515,327.8512449,0.874176946
MR658,P. blochii,17-05-23,2,234,211,224,M,4,5.7,1,0.026110857,5.455321115,5.411646052,255.8914426,0.875371203
MR660,P. blochii,06-08-23,3,307,275,432,M,3,12.9,0,0.030780243,5.726847748,6.068425588,559.8529033,0.771631258
MR664,P. blochii,12-08-23,3,262,242,355.8,M,3,5.6,1,0.015990862,5.568344504,5.874368775,354.4776537,1.003730408
MR665,P. blochii,12-08-23,3,270,243,326.5,M,4,11.7,0,0.037166455,5.598421959,5.788429949,386.5923351,0.844558907
MR668,P. blochii,24-03-23,1,270,243,352.3,M,3,6.1,1,0.017619873,5.598421959,5.864483085,386.5923351,0.911295874
MR670,P. blochii,01-06-23,2,326,294,617.5,M,4,17.2,1,0.02865234,5.786897381,6.425679069,665.6881954,0.927611462
MR676,P. blochii,12-08-23,3,273,240,365,M,2,2.05,0,0.005648161,5.609471795,5.899897354,399.1079269,0.91453959
MR677,P. blochii,06-06-23,2,399,361,1064.7,M,4,18.8,0,0.01797495,5.988961417,6.970448348,1192.07824,0.893146074
MR679,P. blochii,25-07-23,3,365,331,819.6,M,3,10.4,0,0.0128522,5.899897354,6.708816416,922.0928036,0.888847627
MR681,P. blochii,01-05-23,2,275,252,389,M,3,13.8,1,0.036780384,5.616771098,5.963579344,407.5969043,0.954374275
MR686,P. blochii,01-05-23,2,338,316,831.4,M,5,55.3,2,0.071253704,5.823045895,6.723111027,738.8183821,1.125310388
MR691,P. blochii,17-05-23,2,275,265,474,M,4,16.4,2,0.035839161,5.616771098,6.161207322,407.5969043,1.162913641
MR694,P. blochii,01-06-23,2,283,257,400.7,M,3,6.25,1,0.015844847,5.645446898,5.993213018,442.7311058,0.905064033
MR695,P. blochii,06-08-23,3,302,275,531.9,M,4,25.1,1,0.04952644,5.710427017,6.276455502,533.9629688,0.996136495
MR696,P. blochii,25-07-23,3,335,306,665,M,4,10.55,1,0.016120406,5.814130532,6.499787041,720.0679197,0.923523992
MR700,P. blochii,01-05-23,2,357,323,1001.8,M,4,109.4,1,0.122590766,5.877735782,6.909553661,865.0135097,1.158132201
MR701,P. blochii,24-03-23,1,266,238,374.9,M,2,10.9,1,0.029945055,5.583496309,5.926659324,370.3076223,1.012401521
MR724,P. blochii,12-02-24,1,351,319,787,M,2,2.7,2,0.00344256,5.860786223,6.668228248,823.7546357,0.955381573
MR726,P. blochii,12-02-24,1,315,290,595,M,3,2.87,1,0.004846909,5.752572639,6.388561406,602.9590667,0.986799988
MR734,P. blochii,05-01-24,1,249,225,290,M,7,0.31,1,0.001070109,5.517452896,5.669880923,306.0976847,0.947409976
MR735,P. blochii,05-01-24,1,264,210,331,M,1,1.3,2,0.003942978,5.575949103,5.802118375,362.3361726,0.913516301
MR736,P. blochii,20-07-24,3,243,217,250,M,5,11.2,0,0.046901173,5.493061443,5.521460918,285.3093091,0.876242001
MR737,P. blochii,20-07-24,3,246,219,255,M,4,4.8,1,0.019184652,5.505331536,5.541263545,295.5841334,0.862698539
MR738,P. blochii,20-07-24,3,235,213,210,M,4,3.1,0,0.014983084,5.459585514,5.347107531,259.0573028,0.810631462
MR747,P. blochii,08-11-23,4,269,243,352,M,2,1.51,0,0.004308254,5.59471138,5.863631176,382.4781944,0.920313903
MR748,P. blochii,05-01-24,1,225,206,208,M,2,0.36,2,0.00173377,5.416100402,5.33753808,228.5292408,0.910167991
MR752,P. blochii,21-04-24,2,289,264,511,M,5,34.2,0,0.071728188,5.666426688,6.23636959,470.3399811,1.086448145
MR753,P. blochii,21-04-24,2,287,271,516,M,5,20.1,2,0.040532365,5.659482216,6.246106765,461.0156927,1.119267756
MR754,P. blochii,20-07-24,3,226,206,273,M,5,12,1,0.045977011,5.420534999,5.609471795,231.470145,1.17941776
MR757,P. blochii,20-07-24,3,250,229,295,M,5,8.7,1,0.030387705,5.521460918,5.686975356,309.6556965,0.952670993
MR758,P. blochii,20-07-24,3,255,230,319,M,4,25.9,1,0.088365745,5.541263545,5.765191103,327.8512449,0.973002253
MR759,P. blochii,07-07-24,3,244,220,269,M,5,13,1,0.05078125,5.497168225,5.59471138,288.7078841,0.931737631
MR760,P. blochii,01-04-24,2,230,205,227,M,4,12.33,1,0.057436996,5.438079309,5.424950017,243.4808322,0.932311583
MR763,P. blochii,21-04-24,2,311,284,570,M,3,10.55,2,0.018857807,5.739792912,6.345636361,581.1449482,0.98082243
MR766,P. blochii,01-04-24,2,211,195,187,M,3,3.6,1,0.019629226,5.351858133,5.231108617,189.8867428,0.984797555
MR768,P. blochii,12-02-24,1,350,325,919,M,2,5.5,1,0.006020799,5.857933154,6.823286122,817.0057763,1.124839048
MR770,P. blochii,21-04-24,2,347,314,817,M,5,37,1,0.047435897,5.84932478,6.705639095,796.976147,1.025124783
MR771,P. blochii,27-09-23,3,351,318,675,M,7,2.1,0,0.00312082,5.860786223,6.514712691,823.7546357,0.819418757
,,,,,,,,,,,,,,,
